Transaction_ID,Customer_ID,Transaction_Date,Amount,Merchant_ID,Payment_Method,Location,Device_ID,IP_Address,Fraud_Label,Customer_Age,Gender,Income_Bracket,Total_Transactions,Avg_Transaction_Amount,Churn_Risk,Segment_Label,Last_Transaction_Date
TX0000000,CUST167622,2023-05-15 10:07:20,5.0,MERCH0738,Debit Card,"Conniehaven, PR",DEV08116,192.168.213.4,0,32,Female,Low,3,17.69,High,Dormant,2023-05-31
TX0000001,CUST029185,2023-02-19 22:10:10,5.0,MERCH0325,Credit Card,"Port Nancy, CA",DEV00607,192.168.17.127,0,37,Male,Medium,5,463.78,High,Dormant,2023-03-03
TX0000002,CUST006557,2023-11-04 07:23:02,5.0,MERCH0937,Credit Card,"North Patriciamouth, MA",DEV02069,172.31.255.136,0,32,Female,Medium,5,177.45,High,Dormant,2023-11-14
TX0000003,CUST194394,2023-01-02 23:43:29,5.0,MERCH0809,Debit Card,"South Ericberg, KS",DEV08230,172.22.32.229,0,18,Male,Low,6,47.47,High,Dormant,2023-01-31
TX0000004,CUST072098,2023-03-21 00:11:57,5.0,MERCH0873,Credit Card,"Lake Aaronport, LA",DEV09670,192.168.54.36,0,50,Female,Medium,1,279.54,High,Dormant,2023-03-23
TX0000005,CUST064197,2023-07-12 16:26:58,5.0,MERCH0823,Debit Card,"Port Tylerstad, MS",DEV05440,10.180.31.147,0,55,Male,High,5,799.51,High,Dormant,2023-07-20
TX0000006,CUST058514,2023-05-16 14:46:50,5.0,MERCH0262,Debit Card,"New Nicholeport, FL",DEV01645,10.110.83.70,0,47,Male,Low,2,16.46,High,Dormant,2023-05-21
TX0000007,CUST036580,2023-05-20 02:36:50,5.0,MERCH0794,Credit Card,"New Jackieport, VA",DEV07214,10.181.51.92,0,26,Female,Low,2,30.41,High,Dormant,2023-06-10
TX0000008,CUST193062,2023-09-09 06:17:03,5.0,MERCH0104,Credit Card,"North Jenniferton, OR",DEV01634,10.37.69.41,0,37,Male,Medium,5,472.6,High,Dormant,2023-09-29
TX0000009,CUST026869,2023-12-14 17:57:08,5.0,MERCH0881,Debit Card,"East Douglasstad, MO",DEV08618,172.28.152.30,0,39,Male,Medium,4,463.36,High,Dormant,2023-12-24
TX0000010,CUST177393,2023-01-02 19:27:46,5.0,MERCH0869,Credit Card,"Ricardohaven, FL",DEV07487,192.168.146.64,0,47,Male,High,2,890.65,High,Dormant,2023-01-17
TX0000011,CUST194162,2023-09-12 07:46:34,5.0,MERCH0216,Credit Card,"Millermouth, VI",DEV00252,10.72.237.228,0,48,Male,Low,1,11.75,High,Dormant,2023-09-30
TX0000012,CUST142965,2023-12-04 17:39:03,5.0,MERCH0829,Credit Card,"West Cliffordport, AR",DEV02362,10.72.40.161,0,31,Female,High,5,663.5,High,Dormant,2023-12-30
TX0000013,CUST022791,2023-04-06 21:41:03,5.0,MERCH0457,Credit Card,"Terrellbury, CA",DEV06718,192.168.240.212,0,40,Female,High,8,813.98,High,Dormant,2023-04-10
TX0000014,CUST154795,2023-03-18 11:33:09,5.0,MERCH0297,PayPal,"North Kevinport, HI",DEV02530,10.195.37.24,0,45,Male,Low,1,34.77,High,Dormant,2023-03-31
TX0000015,CUST110605,2023-11-14 15:14:07,5.0,MERCH0801,Credit Card,"North Donnastad, OH",DEV01226,172.24.169.37,0,57,Male,Medium,4,463.83,High,Dormant,2023-11-30
TX0000016,CUST008332,2023-07-25 07:20:15,5.0,MERCH0220,Debit Card,"North Ashleychester, WI",DEV07693,192.168.190.175,0,48,Male,Medium,3,353.56,High,Dormant,2023-07-27
TX0000017,CUST007812,2023-10-15 20:23:25,5.0,MERCH0022,Credit Card,"Lake Erinmouth, AK",DEV04343,10.236.144.128,0,49,Male,High,4,535.95,High,Dormant,2023-10-18
TX0000018,CUST024562,2023-12-13 08:28:14,5.0,MERCH0188,Credit Card,"Whitechester, KS",DEV05547,10.7.88.98,0,41,Female,Low,3,91.81,High,Dormant,2023-12-28
TX0000019,CUST057315,2023-03-25 06:08:23,5.0,MERCH0322,Debit Card,"Lake Ericside, KY",DEV06513,10.50.74.208,0,56,Female,Medium,1,483.11,High,Dormant,2023-04-09
TX0000020,CUST060991,2023-05-08 23:10:50,5.0,MERCH0875,Debit Card,"Danaton, CT",DEV01316,10.248.119.175,0,44,Male,Medium,4,131.08,High,Dormant,2023-05-28
TX0000021,CUST132476,2023-09-03 02:32:58,5.0,MERCH0969,Credit Card,"Lake Marie, MT",DEV05384,10.172.252.180,0,29,Male,Medium,5,312.94,High,Dormant,2023-09-28
TX0000022,CUST157816,2023-01-07 08:27:06,5.0,MERCH0272,Credit Card,"North Bradleyshire, KY",DEV08743,10.139.76.77,0,56,Male,Medium,2,221.35,High,Dormant,2023-01-31
TX0000023,CUST006957,2023-11-12 01:32:47,5.0,MERCH0644,Credit Card,"South Darlene, CT",DEV06227,10.166.206.115,0,48,Female,Medium,3,257.14,High,Dormant,2023-11-15
TX0000024,CUST147128,2023-05-24 04:34:43,5.0,MERCH0396,Credit Card,"South Wendyton, AR",DEV05189,192.168.219.14,0,34,Other,High,7,589.83,High,Dormant,2023-06-11
TX0000025,CUST052125,2023-08-27 02:00:34,5.0,MERCH0981,Debit Card,"Rodriguezberg, WV",DEV07995,10.25.120.186,0,34,Male,High,6,789.04,High,Dormant,2023-09-21
TX0000026,CUST187701,2023-02-14 02:00:04,5.0,MERCH0531,Credit Card,"North Raymond, MI",DEV08865,10.42.63.120,0,43,Male,High,3,978.99,High,Dormant,2023-03-02
TX0000027,CUST170364,2023-07-14 06:26:08,5.0,MERCH0945,Credit Card,"New Anthonybury, AS",DEV00589,172.17.157.252,0,45,Female,Low,2,55.28,High,Dormant,2023-07-26
TX0000028,CUST183849,2023-09-26 09:59:12,5.0,MERCH0110,Credit Card,"Rachelview, DE",DEV01122,172.17.13.40,0,42,Female,Medium,4,133.17,High,Dormant,2023-10-21
TX0000029,CUST142854,2023-03-07 16:51:31,5.0,MERCH0972,PayPal,"Greenfurt, AL",DEV03847,172.28.62.237,0,43,Male,Low,2,65.8,High,Dormant,2023-03-28
TX0000030,CUST109975,2023-09-05 22:38:44,5.0,MERCH0174,Bank Transfer,"Lake Amberbury, IL",DEV04709,172.21.74.131,0,60,Male,Low,1,40.62,High,Dormant,2023-09-27
TX0000031,CUST057788,2023-07-04 12:31:06,5.0,MERCH0965,Credit Card,"Timothyland, KS",DEV03728,172.22.161.153,0,52,Male,Medium,3,442.37,High,Dormant,2023-07-29
TX0000032,CUST117758,2023-04-22 01:41:44,5.0,MERCH0261,Debit Card,"Port Racheltown, GU",DEV01481,192.168.15.113,0,42,Female,Medium,3,273.87,High,Dormant,2023-05-15
TX0000033,CUST154473,2023-04-21 05:27:27,5.0,MERCH0104,Credit Card,"North Jerome, MN",DEV07111,192.168.166.142,0,51,Male,Medium,4,177.14,High,Dormant,2023-05-18
TX0000034,CUST072927,2023-03-20 10:57:54,5.0,MERCH0431,Credit Card,"Lake Jeffery, OK",DEV01613,192.168.98.123,0,27,Male,High,2,595.55,High,Dormant,2023-03-20
TX0000035,CUST001704,2023-11-07 00:00:56,5.0,MERCH0729,Debit Card,"Janetown, MH",DEV01647,10.141.183.132,0,44,Female,Low,2,79.19,High,Dormant,2023-11-18
TX0000036,CUST198917,2023-08-25 19:12:40,5.0,MERCH0306,PayPal,"South Laceychester, ID",DEV07270,172.31.181.220,0,61,Male,Medium,2,206.24,High,Dormant,2023-08-28
TX0000037,CUST041854,2023-04-06 07:26:08,5.0,MERCH0607,PayPal,"Port Julie, MS",DEV02726,10.229.137.85,0,37,Female,Medium,2,406.89,High,Dormant,2023-04-16
TX0000038,CUST183014,2023-06-01 18:41:43,5.0,MERCH0512,Credit Card,"Rileyview, PR",DEV04907,172.28.13.51,0,29,Male,Low,1,28.53,High,Dormant,2023-06-05
TX0000039,CUST110786,2023-03-27 21:31:31,5.0,MERCH0379,Credit Card,"South Brianview, SD",DEV00475,10.108.15.100,0,32,Male,Low,1,38.95,High,Dormant,2023-03-28
TX0000040,CUST089195,2023-07-20 16:48:57,5.0,MERCH0571,Debit Card,"South Jadeport, VA",DEV00754,172.25.40.150,0,26,Female,High,2,732.74,High,Dormant,2023-08-05
TX0000041,CUST072843,2023-12-07 01:02:48,5.0,MERCH0252,Credit Card,"West Kaylaview, NM",DEV05315,192.168.78.192,0,30,Male,High,2,971.6,High,Dormant,2023-12-14
TX0000042,CUST040759,2023-02-24 16:58:48,5.0,MERCH0711,Credit Card,"South Brendashire, CT",DEV00920,192.168.88.16,0,35,Other,High,4,965.87,High,Dormant,2023-03-01
TX0000043,CUST056444,2023-12-22 22:36:31,5.0,MERCH0001,Credit Card,"Lake Tiffanystad, MP",DEV04807,172.19.66.19,0,23,Female,Medium,1,182.75,High,Dormant,2024-01-11
TX0000044,CUST088237,2023-12-19 01:52:43,5.0,MERCH0932,Debit Card,"South Nicholas, NH",DEV05874,172.21.5.163,0,40,Male,Low,1,42.24,High,Dormant,2024-01-16
TX0000045,CUST026794,2023-06-06 22:03:54,5.0,MERCH0533,Credit Card,"East Alishaview, KS",DEV06142,172.17.204.62,0,50,Female,Medium,7,159.76,High,Dormant,2023-06-14
TX0000046,CUST024313,2023-10-27 16:37:23,5.0,MERCH0721,Credit Card,"Port Rachel, MO",DEV07057,172.21.250.243,0,29,Male,Medium,3,303.99,High,Dormant,2023-11-08
TX0000047,CUST099596,2023-06-02 05:21:10,5.0,MERCH0745,PayPal,"Maryfurt, PR",DEV02386,172.23.22.128,0,58,Female,Medium,2,284.23,High,Dormant,2023-06-12
TX0000048,CUST025354,2023-10-16 00:08:59,5.0,MERCH0677,Credit Card,"Flynnside, ID",DEV04001,192.168.87.144,0,46,Male,Medium,4,460.3,High,Dormant,2023-11-13
TX0000049,CUST094105,2023-07-16 02:19:59,5.0,MERCH0358,Credit Card,"Lake Randyville, MP",DEV08703,192.168.23.43,0,52,Female,Medium,4,472.0,High,Dormant,2023-07-31
TX0000050,CUST090166,2023-09-19 02:18:19,5.0,MERCH0068,Credit Card,"Lake Jacobburgh, MA",DEV06752,192.168.4.99,0,32,Male,Medium,1,253.43,High,Dormant,2023-10-04
TX0000051,CUST158264,2023-08-20 08:32:39,5.0,MERCH0670,Credit Card,"New Brian, AR",DEV09273,172.20.85.157,0,50,Male,Medium,3,296.7,High,Dormant,2023-09-15
TX0000052,CUST069343,2023-05-18 07:00:10,5.0,MERCH0323,Credit Card,"Stevenchester, LA",DEV02951,155.27.241.0,0,26,Female,Low,3,90.66,High,Dormant,2023-05-19
TX0000053,CUST011391,2023-05-25 17:22:30,5.0,MERCH0307,Credit Card,"Port Sandraville, ID",DEV02786,10.146.67.108,0,50,Female,Medium,7,422.68,High,Dormant,2023-06-03
TX0000054,CUST191295,2023-11-03 06:59:15,5.0,MERCH0860,Debit Card,"Stevensville, WY",DEV02869,10.14.143.162,0,42,Male,Medium,3,101.46,High,Dormant,2023-11-14
TX0000055,CUST120436,2023-10-25 19:59:48,5.0,MERCH0722,Credit Card,"Julieburgh, DE",DEV01294,192.168.153.144,0,46,Male,Medium,2,228.02,High,Dormant,2023-11-01
TX0000056,CUST140569,2023-03-16 11:04:36,5.0,MERCH0292,PayPal,"Stephenfort, TX",DEV09986,172.22.131.0,0,25,Female,Low,2,47.96,High,Dormant,2023-03-26
TX0000057,CUST032723,2023-11-23 08:40:34,5.0,MERCH0302,Credit Card,"South Devinhaven, LA",DEV06268,192.168.88.122,0,29,Female,Medium,1,191.89,High,Dormant,2023-12-22
TX0000058,CUST099231,2023-09-16 02:19:23,5.0,MERCH0404,Credit Card,"New Sarah, ID",DEV03946,172.24.13.222,0,47,Male,Low,2,27.96,High,Dormant,2023-09-25
TX0000059,CUST020657,2023-05-01 23:51:10,5.0,MERCH0397,Credit Card,"Port Debbiechester, LA",DEV08154,10.79.216.22,0,28,Male,Medium,2,115.11,High,Dormant,2023-05-13
TX0000060,CUST144715,2023-12-04 05:39:19,5.0,MERCH0289,Credit Card,"Smithburgh, MD",DEV09555,172.29.241.138,0,45,Male,Medium,3,357.35,High,Dormant,2023-12-28
TX0000061,CUST076855,2023-08-16 02:24:28,5.0,MERCH0123,Debit Card,"Orozcoborough, MT",DEV02345,10.148.129.71,0,23,Female,Low,1,33.63,High,Dormant,2023-09-01
TX0000062,CUST164795,2023-04-14 17:01:53,5.0,MERCH0417,Credit Card,"North Walterfort, MP",DEV03805,10.68.131.127,0,50,Male,Low,1,14.71,High,Dormant,2023-04-20
TX0000063,CUST162142,2023-06-09 03:32:03,5.0,MERCH0947,Credit Card,"Lindastad, MS",DEV07556,172.19.213.163,0,25,Male,Medium,3,192.39,High,Dormant,2023-07-02
TX0000064,CUST094801,2023-03-21 15:19:55,5.0,MERCH0681,Debit Card,"Brandonborough, KS",DEV04162,192.168.139.174,0,46,Female,Medium,4,420.77,High,Dormant,2023-03-23
TX0000065,CUST151350,2023-08-07 02:16:32,5.0,MERCH0911,PayPal,"Nathanport, WV",DEV07530,172.17.225.62,0,47,Male,Medium,6,440.6,High,Dormant,2023-09-05
TX0000066,CUST050408,2023-07-27 18:21:54,5.0,MERCH0617,Debit Card,"Michaelchester, MH",DEV04184,10.239.37.99,0,31,Female,Medium,4,293.23,High,Dormant,2023-08-15
TX0000067,CUST184700,2023-04-06 05:44:50,5.0,MERCH0293,Credit Card,"Skinnerview, VA",DEV00154,10.75.146.84,0,46,Male,Medium,2,266.43,High,Dormant,2023-04-18
TX0000068,CUST018234,2023-11-27 01:20:29,5.0,MERCH0542,Debit Card,"Clarkstad, MT",DEV07623,192.168.45.126,0,43,Male,Medium,2,491.14,High,Dormant,2023-12-15
TX0000069,CUST012013,2023-08-15 00:04:59,5.0,MERCH0001,Credit Card,"Johnsonfurt, WI",DEV04713,10.173.150.252,0,33,Male,Low,5,28.05,High,Dormant,2023-08-21
TX0000070,CUST173347,2023-09-19 03:34:48,5.0,MERCH0280,Credit Card,"South Amyville, AS",DEV08956,10.215.51.98,0,27,Female,Low,2,29.38,High,Dormant,2023-09-27
TX0000071,CUST059743,2023-01-12 13:52:05,5.0,MERCH0427,Credit Card,"New Calebland, UT",DEV02589,172.30.76.96,0,18,Male,Low,2,36.27,High,Dormant,2023-01-30
TX0000072,CUST075862,2023-05-09 04:23:28,5.0,MERCH0578,Credit Card,"Port Janice, CA",DEV01211,10.63.31.182,0,44,Female,Medium,5,169.1,High,Dormant,2023-05-21
TX0000073,CUST020917,2023-06-21 02:59:32,5.0,MERCH0659,Credit Card,"East Tammy, GA",DEV07238,172.26.142.188,0,21,Female,Low,1,44.14,High,Dormant,2023-07-12
TX0000074,CUST061025,2023-01-21 22:32:02,5.0,MERCH0461,Credit Card,"Sarahberg, ND",DEV05662,192.168.30.205,0,41,Female,Low,2,91.98,High,Dormant,2023-01-28
TX0000075,CUST026477,2023-03-25 09:30:53,5.0,MERCH0438,Debit Card,"Schmidtstad, NY",DEV09627,172.29.118.201,0,36,Male,Low,2,65.38,High,Dormant,2023-04-15
TX0000076,CUST099648,2023-09-08 13:23:49,5.0,MERCH0208,Credit Card,"Melissamouth, SD",DEV04902,172.28.129.77,0,48,Male,Medium,3,264.78,High,Dormant,2023-09-25
TX0000077,CUST072870,2023-08-22 22:01:26,5.0,MERCH0473,Credit Card,"Ellisside, WA",DEV06952,192.168.65.33,0,36,Male,Low,3,94.1,High,Dormant,2023-09-19
TX0000078,CUST118859,2023-04-26 16:39:32,5.0,MERCH0910,Credit Card,"Wadeshire, VT",DEV04098,10.41.132.13,0,36,Male,Medium,1,119.39,High,Dormant,2023-05-18
TX0000079,CUST166641,2023-02-22 15:38:28,5.0,MERCH0803,PayPal,"East Carolside, OK",DEV07485,10.37.49.227,0,48,Male,Low,2,28.92,High,Dormant,2023-02-23
TX0000080,CUST095639,2023-04-26 02:49:24,5.0,MERCH0166,Credit Card,"Jordanbury, HI",DEV04950,172.28.123.145,0,44,Female,Medium,5,326.36,High,Dormant,2023-05-13
TX0000081,CUST042639,2023-08-26 06:56:35,5.0,MERCH0081,Credit Card,"Lake Richard, TN",DEV03264,10.240.241.95,0,43,Male,High,8,807.78,High,Dormant,2023-09-12
TX0000082,CUST097041,2023-10-01 07:45:15,5.0,MERCH0514,Debit Card,"Grahammouth, DC",DEV06303,10.254.98.63,0,45,Male,Low,2,13.56,High,Dormant,2023-10-11
TX0000083,CUST093133,2023-01-19 22:14:27,5.0,MERCH0633,Debit Card,"Alanland, IN",DEV07917,192.168.209.117,0,21,Male,Low,3,46.27,High,Dormant,2023-01-19
TX0000084,CUST054922,2023-08-23 21:50:24,5.0,MERCH0329,Credit Card,"Port Kimberly, FM",DEV01748,10.35.238.193,0,49,Female,Low,2,68.42,High,Dormant,2023-09-05
TX0000085,CUST175683,2023-02-22 21:48:51,5.0,MERCH0830,Debit Card,"New Kristimouth, NY",DEV03887,172.19.181.238,0,47,Male,Medium,5,379.23,High,Dormant,2023-03-09
TX0000086,CUST069987,2023-01-15 21:42:59,5.0,MERCH0753,Debit Card,"Heathershire, VI",DEV06249,172.22.214.135,0,27,Female,Medium,1,355.26,High,Dormant,2023-01-25
TX0000087,CUST183978,2023-04-08 20:59:43,5.0,MERCH0678,Debit Card,"East Richard, PR",DEV09371,172.23.211.25,0,37,Male,Medium,3,228.23,High,Dormant,2023-04-08
TX0000088,CUST179188,2023-12-07 03:05:44,5.0,MERCH0218,Credit Card,"West Daniel, CT",DEV05882,10.17.21.202,0,39,Female,Medium,3,137.41,High,Dormant,2024-01-05
TX0000089,CUST169879,2023-03-15 02:54:39,5.0,MERCH0195,Debit Card,"Barbaraland, AL",DEV09418,10.29.154.98,0,38,Female,High,7,713.56,High,Dormant,2023-03-21
TX0000090,CUST018718,2023-09-13 17:59:41,5.0,MERCH0024,Credit Card,"Alanstad, KY",DEV04848,172.31.125.215,0,44,Male,Low,1,21.59,High,Dormant,2023-10-11
TX0000091,CUST159681,2023-04-17 23:18:27,5.0,MERCH0241,Credit Card,"South Nicolastown, KY",DEV04838,172.20.61.70,0,57,Male,Low,2,95.29,High,Dormant,2023-05-02
TX0000092,CUST166456,2023-10-26 04:25:52,5.0,MERCH0474,Credit Card,"Port Gene, TX",DEV00360,192.168.34.245,0,52,Male,High,1,737.59,High,Dormant,2023-11-24
TX0000093,CUST044863,2023-01-09 11:52:00,5.0,MERCH0863,Credit Card,"Lake Shannon, IN",DEV06485,10.242.152.114,0,24,Male,Low,1,38.55,High,Dormant,2023-01-22
TX0000094,CUST140022,2023-03-01 14:33:31,5.0,MERCH0070,Credit Card,"West Daniel, WV",DEV04498,192.168.164.174,0,47,Female,High,3,883.15,High,Dormant,2023-03-15
TX0000095,CUST191137,2023-07-16 07:44:52,5.0,MERCH0410,Debit Card,"New Julia, UT",DEV00133,172.31.185.51,0,55,Female,Medium,1,299.18,High,Dormant,2023-07-29
TX0000096,CUST064176,2023-08-07 04:21:28,5.0,MERCH0630,Credit Card,"Lake Jennifer, HI",DEV09273,192.168.28.220,0,44,Female,High,8,655.02,High,Dormant,2023-09-03
TX0000097,CUST042835,2023-06-12 15:50:36,5.0,MERCH0189,Credit Card,"Port Jennifer, MP",DEV00804,10.233.240.77,0,53,Female,Medium,5,424.79,High,Dormant,2023-07-02
TX0000098,CUST121179,2023-02-14 04:46:48,5.0,MERCH0694,Credit Card,"Fernandezbury, AZ",DEV09936,10.82.109.107,0,64,Male,Medium,3,446.86,High,Dormant,2023-02-24
TX0000099,CUST099472,2023-04-20 04:11:15,5.0,MERCH0497,Credit Card,"Cunninghamland, CT",DEV08139,172.25.217.158,0,52,Male,High,3,836.5,High,Dormant,2023-05-05
TX0000100,CUST070766,2023-02-16 20:38:35,5.0,MERCH0240,PayPal,"Gonzalezland, AZ",DEV04690,172.23.48.66,0,42,Female,Medium,1,118.79,High,Dormant,2023-03-06
TX0000101,CUST167773,2023-03-05 22:57:09,5.0,MERCH0661,Credit Card,"Kingborough, ME",DEV03771,172.16.225.207,0,52,Male,Low,1,60.97,High,Dormant,2023-03-21
TX0000102,CUST180398,2023-12-04 01:51:30,5.0,MERCH0006,Credit Card,"New Jomouth, NY",DEV09947,192.168.232.69,0,41,Female,Low,1,78.7,High,Dormant,2023-12-30
TX0000103,CUST146002,2023-01-19 00:55:04,5.0,MERCH0753,Credit Card,"East Nicolemouth, IL",DEV05773,10.107.21.247,0,40,Male,Low,1,22.29,High,Dormant,2023-02-13
TX0000104,CUST057571,2023-09-16 23:15:54,5.0,MERCH0774,Credit Card,"Ralphburgh, MD",DEV03589,172.16.86.253,0,35,Male,Low,3,30.58,High,Dormant,2023-09-21
TX0000105,CUST179468,2023-12-27 19:23:11,5.0,MERCH0103,Credit Card,"Pattonburgh, CO",DEV03116,172.31.204.58,0,58,Other,Medium,2,453.0,High,Dormant,2024-01-06
TX0000106,CUST085009,2023-05-01 00:50:42,5.0,MERCH0423,Debit Card,"Deborahfurt, OK",DEV04107,10.127.249.154,0,30,Male,Medium,3,108.05,High,Dormant,2023-05-17
TX0000107,CUST014664,2023-12-03 00:32:39,5.0,MERCH0172,PayPal,"New Kellymouth, MP",DEV02241,218.175.88.78,0,58,Other,Medium,2,401.09,High,Dormant,2023-12-11
TX0000108,CUST060044,2023-12-12 12:11:30,5.0,MERCH0960,Credit Card,"Judychester, TN",DEV01592,172.31.8.159,0,45,Other,Medium,5,289.51,High,Dormant,2023-12-29
TX0000109,CUST008415,2023-05-19 17:34:22,5.0,MERCH0515,Debit Card,"Henryfurt, PW",DEV00646,172.27.233.250,0,23,Female,Low,2,50.21,High,Dormant,2023-06-04
TX0000110,CUST082695,2023-01-08 09:25:33,5.0,MERCH0049,Debit Card,"South Patriciaborough, GA",DEV05062,172.25.110.204,0,44,Female,Low,3,10.64,High,Dormant,2023-01-19
TX0000111,CUST105163,2023-04-07 03:57:52,5.0,MERCH0247,Debit Card,"Kingburgh, IN",DEV07223,192.168.212.42,0,18,Female,Low,2,83.75,High,Dormant,2023-04-29
TX0000112,CUST070187,2023-05-11 23:35:24,5.0,MERCH0860,Credit Card,"Jonesside, NE",DEV00547,193.197.101.201,0,47,Female,Low,4,42.38,High,Dormant,2023-06-01
TX0000113,CUST017351,2023-10-25 03:09:36,5.0,MERCH0454,Credit Card,"Lake Daniel, OR",DEV09496,192.168.88.10,0,50,Male,Medium,3,316.31,High,Dormant,2023-11-15
TX0000114,CUST055308,2023-10-03 16:34:47,5.0,MERCH0808,Credit Card,"Port Donnaport, HI",DEV05978,192.168.180.245,0,32,Male,Low,3,70.96,High,Dormant,2023-11-01
TX0000115,CUST148683,2023-02-17 06:31:23,5.0,MERCH0673,Debit Card,"Vincentfort, GU",DEV02154,10.146.61.190,0,41,Female,Low,3,73.24,High,Dormant,2023-02-21
TX0000116,CUST188197,2023-11-05 11:48:54,5.0,MERCH0988,Debit Card,"South Emily, IN",DEV01477,10.243.9.182,0,63,Male,Low,1,96.04,High,Dormant,2023-11-15
TX0000117,CUST082491,2023-10-25 02:40:29,5.0,MERCH0597,Credit Card,"Lake Janetfurt, MT",DEV04836,192.168.22.214,0,33,Male,High,1,765.67,High,Dormant,2023-10-28
TX0000118,CUST055739,2023-12-20 15:24:21,5.0,MERCH0954,Credit Card,"North Shaneside, VA",DEV05353,10.87.77.245,0,27,Male,Low,4,45.97,High,Dormant,2024-01-15
TX0000119,CUST171820,2023-04-19 16:35:11,5.0,MERCH0900,PayPal,"East Stephanieberg, MD",DEV06808,172.18.20.170,0,57,Female,Medium,4,481.48,High,Dormant,2023-04-22
TX0000120,CUST130871,2023-12-19 11:08:06,5.0,MERCH0614,Debit Card,"Edwardmouth, LA",DEV02878,172.16.236.161,0,63,Female,Medium,2,356.84,High,Dormant,2023-12-21
TX0000121,CUST103713,2023-12-20 18:57:46,5.0,MERCH0721,Bank Transfer,"Lake Stephanieberg, NE",DEV03290,192.168.175.125,0,40,Male,Medium,3,219.26,High,Dormant,2024-01-14
TX0000122,CUST168520,2023-02-05 02:11:24,5.0,MERCH0506,Debit Card,"Welchshire, WI",DEV02166,192.168.138.233,0,52,Female,High,7,563.23,High,Dormant,2023-02-28
TX0000123,CUST120286,2023-07-21 03:52:22,5.0,MERCH0841,Credit Card,"Royshire, GU",DEV08838,10.56.7.241,0,56,Female,Low,2,85.83,High,Dormant,2023-08-12
TX0000124,CUST037453,2023-10-07 12:52:41,5.0,MERCH0542,Credit Card,"Port Tanya, NJ",DEV05995,10.68.213.145,0,31,Female,Low,1,42.6,High,Dormant,2023-10-31
TX0000125,CUST069437,2023-12-14 04:34:22,5.0,MERCH0905,Debit Card,"East Williamside, MP",DEV08698,192.168.28.207,0,34,Female,High,2,830.23,High,Dormant,2023-12-30
TX0000126,CUST036604,2023-07-11 17:46:11,5.0,MERCH0746,Credit Card,"Michelleton, OH",DEV08222,192.168.221.214,0,54,Female,Medium,2,288.33,High,Dormant,2023-07-17
TX0000127,CUST064652,2023-09-26 11:16:37,5.03,MERCH0474,Credit Card,"Lake Steven, AS",DEV04466,10.35.10.201,1,60,Male,Low,1,27.9,High,Dormant,2023-10-21
TX0000128,CUST195295,2023-02-13 07:41:08,5.0,MERCH0255,Debit Card,"North Zacharychester, KY",DEV02696,10.12.236.3,0,46,Female,Medium,5,340.67,High,Dormant,2023-02-16
TX0000129,CUST147160,2023-11-26 01:04:28,5.0,MERCH0243,Credit Card,"West Sherrymouth, DC",DEV04211,10.58.224.82,0,29,Male,Medium,3,124.27,High,Dormant,2023-12-18
TX0000130,CUST141290,2023-02-19 07:47:44,5.0,MERCH0640,Debit Card,"Townsendmouth, DE",DEV07895,192.168.250.108,0,63,Female,Medium,1,265.34,High,Dormant,2023-03-03
TX0000131,CUST068877,2023-05-20 16:06:24,5.0,MERCH0771,Credit Card,"West Markmouth, MS",DEV04836,172.16.143.179,0,33,Other,High,4,773.31,High,Dormant,2023-05-31
TX0000132,CUST195826,2023-08-04 05:59:30,5.0,MERCH0521,PayPal,"Laurenberg, SD",DEV05550,172.16.251.17,0,35,Male,Medium,3,274.42,High,Dormant,2023-08-04
TX0000133,CUST153246,2023-06-12 21:38:26,5.0,MERCH0627,Credit Card,"Lake Christopherfurt, CO",DEV01887,172.25.113.180,0,44,Male,Low,1,77.38,High,Dormant,2023-07-02
TX0000134,CUST112312,2023-04-19 06:02:44,5.0,MERCH0268,Credit Card,"Greenefort, WA",DEV07674,10.13.228.241,0,58,Female,High,4,913.96,High,Dormant,2023-05-07
TX0000135,CUST152970,2023-01-26 19:27:07,5.0,MERCH0076,Debit Card,"Lake Sallyfurt, WA",DEV01234,172.22.113.52,0,50,Male,Low,1,79.41,High,Dormant,2023-02-15
TX0000136,CUST104701,2023-02-09 06:00:02,5.0,MERCH0279,Credit Card,"Port Amanda, NJ",DEV02307,192.168.44.144,0,44,Female,Low,1,13.49,High,Dormant,2023-02-28
TX0000137,CUST094896,2023-08-25 16:24:55,5.0,MERCH0266,Debit Card,"Millsfort, MI",DEV03697,194.135.118.236,0,45,Male,High,6,597.06,High,Dormant,2023-09-11
TX0000138,CUST057494,2023-07-21 05:57:43,5.0,MERCH0314,Debit Card,"North Alexandra, MA",DEV06512,192.168.248.60,0,40,Male,Low,1,58.29,High,Dormant,2023-07-31
TX0000139,CUST036263,2023-12-13 14:20:15,20.15,MERCH0535,Credit Card,"North Darrellport, DE",DEV09132,10.26.62.173,1,46,Other,Low,1,94.13,High,Dormant,2024-01-01
TX0000140,CUST133570,2023-07-11 04:35:34,14.09,MERCH0135,Credit Card,"Mcconnellfort, ND",DEV05993,192.168.200.192,1,18,Female,Low,4,85.15,High,Dormant,2023-07-13
TX0000141,CUST129373,2023-09-25 17:46:40,5.0,MERCH0224,Credit Card,"Elizabethmouth, OH",DEV01480,10.246.133.243,0,36,Female,High,2,921.27,High,Dormant,2023-10-23
TX0000142,CUST023832,2023-03-15 00:52:53,5.0,MERCH0693,Credit Card,"Port Kayla, NM",DEV06465,10.36.145.36,0,42,Male,Medium,1,221.28,High,Dormant,2023-03-31
TX0000143,CUST198124,2023-08-16 22:56:10,5.0,MERCH0709,PayPal,"Rodriguezville, NE",DEV00229,172.16.219.7,0,26,Female,Medium,4,271.78,High,Dormant,2023-08-27
TX0000144,CUST012352,2023-04-16 07:37:11,5.0,MERCH0062,Debit Card,"Port Georgechester, PW",DEV04333,172.18.21.177,0,44,Female,Low,2,52.36,High,Dormant,2023-04-25
TX0000145,CUST028744,2023-02-21 07:57:27,5.0,MERCH0404,Debit Card,"Paulville, ID",DEV08792,172.16.32.220,0,37,Female,Medium,5,162.95,High,Dormant,2023-02-28
TX0000146,CUST040067,2023-08-08 17:27:27,5.0,MERCH0538,Debit Card,"Thomasburgh, UT",DEV02025,10.165.5.54,0,61,Female,Medium,4,112.43,High,Dormant,2023-08-22
TX0000147,CUST164482,2023-05-04 21:16:08,5.0,MERCH0412,Credit Card,"South Geoffrey, AR",DEV07452,10.71.201.26,0,58,Female,Medium,4,478.76,High,Dormant,2023-05-08
TX0000148,CUST041939,2023-04-20 12:27:47,5.0,MERCH0201,PayPal,"North Jeffrey, MP",DEV06039,172.23.155.224,0,34,Male,Medium,2,196.29,High,Dormant,2023-04-23
TX0000149,CUST178385,2023-02-14 02:05:17,5.0,MERCH0417,Debit Card,"East Katherinemouth, RI",DEV04296,192.168.154.147,0,38,Male,Low,1,31.6,High,Dormant,2023-03-11
TX0000150,CUST110667,2023-06-05 14:24:01,5.0,MERCH0913,Debit Card,"Jacksonchester, WA",DEV09578,10.100.2.129,0,39,Female,High,3,541.69,High,Dormant,2023-07-02
TX0000151,CUST156346,2023-02-18 12:04:54,5.0,MERCH0585,Debit Card,"New Ginastad, IN",DEV06243,192.168.139.123,0,34,Male,Medium,2,471.4,High,Dormant,2023-03-10
TX0000152,CUST016654,2023-06-22 00:17:31,5.0,MERCH0694,Credit Card,"Peggybury, PW",DEV06087,172.26.127.105,0,42,Female,High,7,789.87,High,Dormant,2023-07-11
TX0000153,CUST100865,2023-12-11 20:25:24,5.0,MERCH0868,Debit Card,"Diazville, UT",DEV01776,10.106.167.155,0,30,Male,Medium,5,366.81,High,Dormant,2023-12-29
TX0000154,CUST100040,2023-12-27 16:12:32,183.81,MERCH0770,Credit Card,"Rodriguezborough, OR",DEV03831,192.168.234.156,1,26,Female,Medium,1,464.63,High,Dormant,2024-01-16
TX0000155,CUST156209,2023-06-03 00:20:47,5.0,MERCH0376,Credit Card,"Elliston, IA",DEV07725,192.168.103.220,0,47,Female,Medium,2,238.25,High,Dormant,2023-06-06
TX0000156,CUST122697,2023-01-17 04:30:04,5.0,MERCH0006,Credit Card,"Lake Kimberly, NH",DEV00411,172.17.249.85,0,47,Male,Medium,2,348.6,High,Dormant,2023-01-31
TX0000157,CUST138705,2023-12-21 22:36:52,5.0,MERCH0345,PayPal,"East Nicholasville, VA",DEV09199,172.26.13.9,0,30,Male,High,3,519.4,High,Dormant,2024-01-06
TX0000158,CUST065907,2023-12-10 18:16:20,5.0,MERCH0757,Debit Card,"Erinborough, MA",DEV05375,10.189.164.96,0,50,Male,Medium,3,174.71,High,Dormant,2023-12-21
TX0000159,CUST145025,2023-06-14 00:50:44,5.0,MERCH0867,Debit Card,"Lake Davidville, ME",DEV09996,192.168.160.72,0,32,Female,Low,1,84.81,High,Dormant,2023-06-16
TX0000160,CUST003010,2023-08-01 16:39:31,5.0,MERCH0956,Debit Card,"West Elizabeth, NE",DEV03627,172.27.12.236,0,43,Female,Medium,4,406.71,High,Dormant,2023-08-10
TX0000161,CUST178333,2023-01-08 06:25:57,5.0,MERCH0417,Credit Card,"Port Victortown, FL",DEV01036,192.168.170.158,0,49,Male,Medium,1,240.26,High,Dormant,2023-01-22
TX0000162,CUST188933,2023-07-22 02:58:49,5.0,MERCH0749,PayPal,"Howardmouth, KS",DEV07607,192.168.73.180,0,39,Female,Medium,1,250.72,High,Dormant,2023-07-31
TX0000163,CUST030030,2023-11-22 11:04:29,5.0,MERCH0541,Credit Card,"Bakerport, IN",DEV04952,192.168.229.28,0,45,Male,Low,1,58.02,High,Dormant,2023-12-15
TX0000164,CUST178707,2023-11-25 16:47:46,5.0,MERCH0604,Credit Card,"Jacobtown, NJ",DEV06690,192.168.60.139,0,33,Male,Medium,4,100.1,High,Dormant,2023-12-17
TX0000165,CUST140764,2023-06-05 20:13:01,5.0,MERCH0215,Credit Card,"North Christine, MN",DEV01912,172.31.167.60,0,37,Female,Medium,3,196.5,High,Dormant,2023-06-22
TX0000166,CUST196839,2023-10-07 05:59:33,5.0,MERCH0214,Debit Card,"Adamton, GU",DEV02291,10.168.81.156,0,37,Male,Medium,4,183.29,High,Dormant,2023-10-07
TX0000167,CUST069947,2023-05-02 17:29:14,5.0,MERCH0433,Debit Card,"South Kevinchester, MA",DEV00743,192.168.51.178,0,31,Male,Medium,5,200.19,High,Dormant,2023-05-04
TX0000168,CUST168025,2023-06-02 19:56:37,5.0,MERCH0030,Credit Card,"Lake Lucasville, IL",DEV00610,10.109.113.60,0,37,Male,Medium,3,422.36,High,Dormant,2023-06-22
TX0000169,CUST089175,2023-06-15 22:41:50,5.0,MERCH0330,Credit Card,"Emilychester, RI",DEV04987,172.28.59.0,0,21,Male,Low,4,35.17,High,Dormant,2023-07-10
TX0000170,CUST029243,2023-09-04 09:55:16,5.0,MERCH0682,Debit Card,"Matthewview, DE",DEV08072,172.29.0.148,0,34,Male,Medium,4,176.61,High,Dormant,2023-09-30
TX0000171,CUST076940,2023-07-20 23:04:33,5.0,MERCH0399,Credit Card,"West Brianmouth, NY",DEV01903,192.168.223.6,0,36,Male,Low,3,55.38,High,Dormant,2023-07-31
TX0000172,CUST113972,2023-08-02 12:42:42,5.0,MERCH0160,Debit Card,"New Brian, OR",DEV01593,172.19.151.141,0,36,Female,Low,2,87.91,High,Dormant,2023-08-02
TX0000173,CUST041461,2023-03-19 14:56:22,5.0,MERCH0463,PayPal,"Michelleside, WA",DEV03847,192.168.217.156,0,37,Male,Medium,4,196.54,High,Dormant,2023-03-21
TX0000174,CUST118941,2023-02-11 21:15:07,5.0,MERCH0124,Credit Card,"New Katherinemouth, GU",DEV08808,172.29.176.21,0,39,Female,High,4,539.27,High,Dormant,2023-02-13
TX0000175,CUST000851,2023-03-04 23:24:02,5.0,MERCH0624,Credit Card,"Hillmouth, OR",DEV02223,172.29.131.184,0,45,Male,Medium,1,242.56,High,Dormant,2023-03-08
TX0000176,CUST189293,2023-11-27 17:57:50,5.0,MERCH0027,Debit Card,"Shirleyshire, ND",DEV06368,172.26.153.180,0,50,Male,Medium,5,399.06,High,Dormant,2023-12-15
TX0000177,CUST188660,2023-01-05 17:27:41,5.0,MERCH0389,Debit Card,"North Williamfurt, WI",DEV07433,172.29.216.227,0,32,Female,High,6,775.35,High,Dormant,2023-02-02
TX0000178,CUST069046,2023-03-21 05:00:04,5.0,MERCH0557,Credit Card,"Brianmouth, IA",DEV06079,152.147.17.94,0,25,Other,High,2,908.4,High,Dormant,2023-04-14
TX0000179,CUST131226,2023-06-26 13:33:48,5.0,MERCH0027,PayPal,"Williamsborough, KY",DEV08851,10.196.89.253,0,27,Male,Low,3,96.36,High,Dormant,2023-06-26
TX0000180,CUST199744,2023-07-13 08:25:56,5.0,MERCH0646,Credit Card,"Alvarezfort, CA",DEV06867,172.28.76.81,0,34,Female,High,4,896.33,High,Dormant,2023-07-16
TX0000181,CUST046833,2023-06-22 14:55:29,5.0,MERCH0132,Credit Card,"Lorimouth, NM",DEV09623,172.23.33.181,0,35,Female,Medium,3,341.52,High,Dormant,2023-07-20
TX0000182,CUST133086,2023-02-16 16:25:35,5.0,MERCH0459,Debit Card,"South Crystal, WV",DEV02532,94.224.8.191,0,30,Female,Medium,1,297.34,High,Dormant,2023-03-16
TX0000183,CUST027895,2023-10-17 02:51:14,5.0,MERCH0049,Debit Card,"Leefurt, TX",DEV06798,192.168.194.52,0,24,Female,Low,2,13.61,High,Dormant,2023-11-11
TX0000184,CUST163919,2023-07-24 21:13:25,5.0,MERCH0375,Credit Card,"Port Rebecca, NE",DEV01623,10.97.135.175,0,34,Male,Medium,1,493.73,High,Dormant,2023-08-18
TX0000185,CUST078236,2023-10-14 23:01:44,65.06,MERCH0205,Debit Card,"Bowmanbury, AR",DEV08018,10.246.46.173,1,42,Male,Low,3,44.51,High,Dormant,2023-10-17
TX0000186,CUST167497,2023-01-27 23:50:06,5.0,MERCH0321,Credit Card,"Adamsberg, NY",DEV06687,172.29.156.87,0,47,Female,Low,2,23.7,High,Dormant,2023-02-12
TX0000187,CUST133081,2023-09-23 13:42:46,5.0,MERCH0763,Credit Card,"Curtisfort, MA",DEV04584,219.179.125.214,0,33,Male,Medium,5,366.68,High,Dormant,2023-10-06
TX0000188,CUST159638,2023-01-18 05:34:50,5.0,MERCH0375,Credit Card,"West Jeffton, AZ",DEV00537,192.168.118.217,0,35,Female,High,2,642.14,High,Dormant,2023-02-04
TX0000189,CUST052144,2023-03-25 22:36:27,5.0,MERCH0755,Debit Card,"Lake Thomas, MP",DEV06071,172.16.34.5,0,28,Male,High,5,792.89,High,Dormant,2023-04-20
TX0000190,CUST040066,2023-01-25 16:38:21,5.0,MERCH0843,Credit Card,"Rodriguezfort, TX",DEV03560,172.24.206.139,0,39,Male,Medium,6,334.71,High,Dormant,2023-01-25
TX0000191,CUST098020,2023-05-12 16:12:19,5.0,MERCH0249,Credit Card,"Kimbury, MT",DEV07265,172.18.7.221,0,29,Female,High,6,722.86,High,Dormant,2023-06-02
TX0000192,CUST199888,2023-06-10 02:40:44,5.0,MERCH0079,Credit Card,"Port Ellen, LA",DEV07286,172.27.120.184,0,46,Male,High,3,918.06,High,Dormant,2023-06-25
TX0000193,CUST042350,2023-06-04 14:21:33,7.94,MERCH0020,Debit Card,"North Joshua, WI",DEV03869,172.28.45.169,1,18,Female,Medium,3,205.99,High,Dormant,2023-06-06
TX0000194,CUST141395,2023-07-08 16:43:18,5.0,MERCH0534,Debit Card,"Port Jesse, FL",DEV05943,192.168.89.251,0,35,Female,Low,1,50.38,High,Dormant,2023-07-30
TX0000195,CUST139030,2023-05-05 05:51:25,5.0,MERCH1000,Debit Card,"Hunterville, SC",DEV01628,10.70.56.222,0,43,Female,Medium,3,315.08,High,Dormant,2023-05-25
TX0000196,CUST000150,2023-08-27 23:58:44,5.0,MERCH0343,Credit Card,"Wattsshire, ID",DEV06019,192.168.139.122,0,42,Female,High,3,831.81,High,Dormant,2023-09-04
TX0000197,CUST157010,2023-05-25 00:52:21,5.0,MERCH0653,Debit Card,"North Michaelview, DC",DEV08921,10.57.167.172,0,72,Female,Medium,3,413.59,High,Dormant,2023-06-16
TX0000198,CUST084976,2023-03-06 22:47:03,5.0,MERCH0785,Credit Card,"Lindseychester, WY",DEV05877,172.16.200.141,0,44,Female,Medium,3,257.92,High,Dormant,2023-03-09
TX0000199,CUST128086,2023-11-24 22:08:54,5.0,MERCH0655,Debit Card,"South Allenville, RI",DEV00993,10.88.108.95,0,27,Female,Medium,3,358.42,High,Dormant,2023-12-14
TX0000200,CUST005106,2023-01-08 04:35:23,5.0,MERCH0758,PayPal,"Jonesshire, LA",DEV06524,172.19.44.15,0,38,Male,Medium,4,160.24,High,Dormant,2023-01-12
TX0000201,CUST029326,2023-02-02 19:27:10,5.0,MERCH0953,Credit Card,"New Scottside, MS",DEV04521,172.19.34.40,0,18,Male,Low,4,93.94,High,Dormant,2023-02-12
TX0000202,CUST095154,2023-11-06 21:48:29,5.0,MERCH0195,Debit Card,"Lake Sharon, NM",DEV03110,10.126.152.148,0,39,Male,Low,1,44.48,High,Dormant,2023-11-26
TX0000203,CUST080613,2023-03-19 01:14:10,5.0,MERCH0020,Credit Card,"Johnland, AZ",DEV02002,172.23.109.108,0,30,Male,Medium,1,391.81,High,Dormant,2023-04-13
TX0000204,CUST062771,2023-07-19 12:43:04,5.0,MERCH0146,Credit Card,"Velezfort, VI",DEV07451,10.63.11.193,0,50,Female,High,3,510.17,High,Dormant,2023-07-27
TX0000205,CUST015185,2023-03-22 03:18:19,5.0,MERCH0123,Credit Card,"Ayalahaven, KS",DEV01502,10.183.225.115,0,33,Female,High,2,602.59,High,Dormant,2023-04-16
TX0000206,CUST063144,2023-07-17 11:46:00,5.0,MERCH0675,Credit Card,"Nicoleburgh, VA",DEV03476,192.168.238.106,0,38,Female,Low,1,53.84,High,Dormant,2023-07-19
TX0000207,CUST148730,2023-08-06 04:10:35,5.0,MERCH0557,Credit Card,"Port Matthew, DE",DEV09784,10.128.124.5,0,32,Male,High,5,939.13,High,Dormant,2023-08-11
TX0000208,CUST020646,2023-04-03 00:05:49,5.0,MERCH0214,Debit Card,"West Heathershire, SC",DEV00350,10.240.140.16,0,60,Female,Low,3,57.45,High,Dormant,2023-04-26
TX0000209,CUST022454,2023-06-05 22:09:43,5.0,MERCH0699,Credit Card,"Jennifertown, KS",DEV00829,172.28.226.96,0,36,Male,Medium,1,471.95,High,Dormant,2023-06-15
TX0000210,CUST191866,2023-03-08 01:19:00,5.0,MERCH0771,Debit Card,"Taylorside, MS",DEV05465,172.16.90.104,0,61,Female,Medium,5,293.52,High,Dormant,2023-03-16
TX0000211,CUST127400,2023-02-09 16:08:10,5.0,MERCH0164,Credit Card,"West Emilyburgh, CT",DEV03991,10.97.236.125,0,49,Female,High,7,745.22,High,Dormant,2023-03-09
TX0000212,CUST018144,2023-06-06 22:34:29,5.0,MERCH0607,Credit Card,"Lake Dana, VI",DEV02064,10.69.201.6,0,45,Male,High,6,559.87,High,Dormant,2023-06-20
TX0000213,CUST199388,2023-02-05 11:49:13,5.0,MERCH0750,Debit Card,"South Justinshire, VI",DEV09251,172.31.174.221,0,44,Male,Medium,6,421.06,High,Dormant,2023-02-27
TX0000214,CUST139646,2023-12-11 08:33:11,5.0,MERCH0110,Credit Card,"South Cameron, SD",DEV03363,10.146.13.170,0,44,Male,High,1,623.48,High,Dormant,2024-01-07
TX0000215,CUST032968,2023-05-01 07:21:59,5.0,MERCH0831,Credit Card,"Robertfort, MN",DEV01125,7.255.156.105,0,18,Female,Low,3,90.97,High,Dormant,2023-05-03
TX0000216,CUST033658,2023-11-08 10:40:36,5.0,MERCH0967,Debit Card,"Allenberg, MA",DEV09081,10.121.79.163,0,36,Female,Medium,1,464.33,High,Dormant,2023-11-08
TX0000217,CUST172950,2023-03-03 20:36:04,5.0,MERCH0104,Credit Card,"Margaretton, SC",DEV03395,10.74.88.119,0,50,Female,Medium,2,477.32,High,Dormant,2023-03-22
TX0000218,CUST124593,2023-03-14 03:24:44,5.0,MERCH0026,Credit Card,"Lake Brianton, OH",DEV09608,10.6.66.219,0,39,Male,Medium,4,308.09,High,Dormant,2023-04-11
TX0000219,CUST144128,2023-08-18 07:07:38,5.0,MERCH0306,Credit Card,"Port Nicolasside, MO",DEV03539,10.240.108.26,0,23,Male,Low,1,70.94,High,Dormant,2023-09-08
TX0000220,CUST043288,2023-09-19 05:32:22,5.0,MERCH0681,PayPal,"Dawnshire, NM",DEV03818,172.20.124.228,0,39,Female,High,1,889.26,High,Dormant,2023-10-07
TX0000221,CUST069484,2023-06-01 16:32:46,5.0,MERCH0961,Debit Card,"Comptonbury, RI",DEV05384,172.16.18.222,0,60,Female,Low,4,21.79,High,Dormant,2023-06-14
TX0000222,CUST138327,2023-05-14 20:39:39,5.0,MERCH0393,Debit Card,"Lake Nicholas, NJ",DEV02418,172.18.230.235,0,54,Male,Low,4,64.09,High,Dormant,2023-05-30
TX0000223,CUST159015,2023-08-19 05:05:02,5.0,MERCH0717,Debit Card,"Port Kevinberg, GU",DEV09765,172.21.76.200,0,39,Male,Medium,4,113.72,High,Dormant,2023-09-09
TX0000224,CUST110924,2023-08-08 09:51:14,5.0,MERCH0074,Credit Card,"New Jacquelineside, KS",DEV00047,10.235.75.105,0,51,Female,Medium,1,299.03,High,Dormant,2023-08-21
TX0000225,CUST055522,2023-11-01 19:29:38,5.0,MERCH0691,Credit Card,"Kimberlyshire, MP",DEV04543,10.130.195.138,0,35,Male,High,3,577.42,High,Dormant,2023-11-17
TX0000226,CUST141374,2023-08-06 00:36:26,5.0,MERCH0628,Debit Card,"East Jenniferchester, MH",DEV02371,192.168.196.86,0,19,Male,Low,3,26.46,High,Dormant,2023-08-30
TX0000227,CUST197989,2023-10-04 21:01:09,5.0,MERCH0100,Credit Card,"Clarkstad, OR",DEV02130,10.173.190.199,0,28,Male,Low,2,42.85,High,Dormant,2023-10-30
TX0000228,CUST191348,2023-07-10 00:53:37,5.0,MERCH0776,Credit Card,"Courtneystad, SD",DEV08851,192.168.156.77,0,58,Female,High,2,716.22,High,Dormant,2023-07-23
TX0000229,CUST180845,2023-07-15 03:44:23,5.0,MERCH0863,Credit Card,"East Lynn, VA",DEV04107,172.27.60.161,0,36,Female,Medium,3,349.27,High,Dormant,2023-07-26
TX0000230,CUST052731,2023-08-15 07:04:28,5.0,MERCH0602,Credit Card,"Aaronburgh, MI",DEV02859,221.211.33.158,0,37,Female,Low,4,16.7,High,Dormant,2023-08-30
TX0000231,CUST186896,2023-03-12 12:01:26,5.0,MERCH0116,Bank Transfer,"West Kellyhaven, PR",DEV01802,172.29.234.120,0,36,Female,Medium,2,301.48,High,Dormant,2023-03-12
TX0000232,CUST081715,2023-08-19 03:35:25,5.0,MERCH0984,Credit Card,"Clarkview, IL",DEV00423,10.16.104.32,0,62,Female,Low,3,26.44,High,Dormant,2023-08-31
TX0000233,CUST104594,2023-04-05 19:10:09,5.0,MERCH0788,Credit Card,"South Kayla, MS",DEV02160,172.17.157.185,0,59,Male,Medium,6,329.59,High,Dormant,2023-04-10
TX0000234,CUST176079,2023-05-06 07:22:46,5.0,MERCH0341,Credit Card,"North Roseville, HI",DEV00244,10.251.108.41,0,66,Female,Low,2,67.37,High,Dormant,2023-05-22
TX0000235,CUST170362,2023-04-11 11:25:12,5.0,MERCH0426,PayPal,"New Katherineport, NM",DEV05870,10.93.95.99,0,38,Male,High,1,778.35,High,Dormant,2023-04-22
TX0000236,CUST097890,2023-02-18 00:46:39,5.0,MERCH0366,Credit Card,"Stonefurt, IL",DEV03899,172.18.245.97,0,43,Female,High,4,869.15,High,Dormant,2023-03-12
TX0000237,CUST114846,2023-11-12 11:35:47,5.0,MERCH0507,Credit Card,"Port Thomasfort, VT",DEV09648,10.11.117.62,0,21,Male,Medium,5,234.24,High,Dormant,2023-11-30
TX0000238,CUST135680,2023-09-24 04:07:41,5.0,MERCH0336,Debit Card,"Vegastad, WY",DEV05305,10.163.160.101,0,57,Male,Low,1,78.86,High,Dormant,2023-09-29
TX0000239,CUST118355,2023-10-26 08:53:50,5.0,MERCH0862,Debit Card,"South Alecland, NY",DEV00259,172.28.93.38,0,25,Male,High,1,716.38,High,Dormant,2023-11-01
TX0000240,CUST031721,2023-10-08 08:21:10,5.0,MERCH0834,Credit Card,"East Jameston, NY",DEV02855,192.168.248.58,0,42,Male,Medium,1,293.67,High,Dormant,2023-10-08
TX0000241,CUST064987,2023-06-14 04:20:25,5.0,MERCH0102,Credit Card,"West Jermaine, MS",DEV04348,172.28.212.111,0,26,Male,Medium,3,359.24,High,Dormant,2023-06-14
TX0000242,CUST058904,2023-11-22 22:56:00,5.0,MERCH0964,Credit Card,"Haleyfort, TX",DEV00859,10.78.151.197,0,32,Male,Medium,4,107.34,High,Dormant,2023-12-20
TX0000243,CUST016785,2023-11-23 18:39:14,5.0,MERCH0636,Credit Card,"Ashleyborough, DE",DEV02077,172.18.183.154,0,29,Other,High,4,827.0,High,Dormant,2023-11-27
TX0000244,CUST088628,2023-05-09 20:08:09,5.0,MERCH0840,Credit Card,"New Chadton, MA",DEV06898,10.244.41.78,0,32,Male,Medium,5,347.43,High,Dormant,2023-05-14
TX0000245,CUST005515,2023-10-21 08:34:51,5.0,MERCH0710,Credit Card,"North Patrick, NJ",DEV08620,172.31.78.195,0,33,Female,Low,1,37.89,High,Dormant,2023-11-05
TX0000246,CUST154222,2023-07-11 05:01:06,5.0,MERCH0432,Credit Card,"Harringtonhaven, MN",DEV01863,172.30.42.61,0,33,Female,Medium,5,134.32,High,Dormant,2023-08-04
TX0000247,CUST145208,2023-05-02 16:42:58,5.0,MERCH0735,Credit Card,"Bateston, FM",DEV01042,172.19.56.190,0,50,Other,High,6,545.47,High,Dormant,2023-05-17
TX0000248,CUST060324,2023-06-19 21:23:24,5.0,MERCH0967,Debit Card,"Smithmouth, UT",DEV07803,10.12.200.117,0,26,Female,Low,1,93.09,High,Dormant,2023-07-02
TX0000249,CUST154257,2023-07-06 20:23:32,5.0,MERCH0265,PayPal,"Hernandezfort, ID",DEV07345,10.108.244.187,0,42,Female,High,6,844.64,High,Dormant,2023-07-06
TX0000250,CUST057729,2023-05-11 21:25:27,5.0,MERCH0818,Debit Card,"Lake Joseph, FM",DEV05932,10.115.37.155,0,54,Male,Medium,1,150.84,High,Dormant,2023-05-23
TX0000251,CUST001886,2023-03-17 06:16:19,5.0,MERCH0533,Credit Card,"North Casey, VI",DEV08409,192.168.23.199,0,33,Male,Medium,3,242.69,High,Dormant,2023-04-05
TX0000252,CUST018611,2023-06-20 21:21:27,5.0,MERCH0483,Credit Card,"Hallview, ME",DEV09727,219.122.105.205,0,31,Male,Low,1,63.32,High,Dormant,2023-06-29
TX0000253,CUST185557,2023-07-08 16:06:00,5.0,MERCH0432,PayPal,"South Marioberg, OR",DEV01787,10.189.177.146,0,37,Female,Low,4,85.2,High,Dormant,2023-07-31
TX0000254,CUST165440,2023-04-23 18:58:55,5.0,MERCH0731,Credit Card,"South Nicholas, CO",DEV07406,145.58.181.68,0,54,Female,High,4,521.83,High,Dormant,2023-05-02
TX0000255,CUST015434,2023-11-17 12:28:29,5.0,MERCH0264,Credit Card,"West Rebecca, DE",DEV08255,10.172.118.96,0,42,Male,Low,2,31.3,High,Dormant,2023-11-25
TX0000256,CUST060016,2023-11-19 17:00:13,5.0,MERCH0864,Credit Card,"West Chelseafurt, FM",DEV03630,172.29.20.159,0,33,Male,Medium,6,455.9,High,Dormant,2023-12-01
TX0000257,CUST017669,2023-09-18 01:53:27,5.0,MERCH0842,Debit Card,"East Amandaville, GU",DEV00711,10.16.167.138,0,45,Female,Medium,3,103.67,High,Dormant,2023-09-20
TX0000258,CUST008235,2023-06-06 18:03:00,5.0,MERCH0085,Debit Card,"Daniellehaven, MP",DEV08544,172.23.123.120,0,26,Male,Low,2,28.13,High,Dormant,2023-07-02
TX0000259,CUST086620,2023-05-23 06:02:31,5.0,MERCH0890,Credit Card,"Lynnfurt, PR",DEV04942,192.168.83.207,0,48,Female,Low,1,96.31,High,Dormant,2023-06-09
TX0000260,CUST018575,2023-04-19 13:33:59,5.0,MERCH0240,Credit Card,"Lake Charlotte, PW",DEV07505,10.114.198.98,0,44,Female,Medium,2,345.36,High,Dormant,2023-05-08
TX0000261,CUST134783,2023-10-23 17:06:28,5.0,MERCH0461,PayPal,"North Rachelland, RI",DEV00511,133.189.167.229,0,36,Female,High,4,630.84,High,Dormant,2023-10-24
TX0000262,CUST062392,2023-05-25 22:02:23,5.0,MERCH0610,Credit Card,"Cunninghamborough, PA",DEV00997,192.168.71.96,0,29,Female,Medium,3,126.8,High,Dormant,2023-06-10
TX0000263,CUST073002,2023-03-08 21:56:46,5.0,MERCH0375,Debit Card,"Floresville, CA",DEV07848,172.18.22.63,0,29,Female,Medium,2,111.28,High,Dormant,2023-04-04
TX0000264,CUST175369,2023-07-19 00:27:46,5.0,MERCH0029,Debit Card,"South Kimberlystad, OH",DEV06581,192.168.60.241,0,46,Female,Medium,4,197.9,High,Dormant,2023-08-06
TX0000265,CUST127249,2023-09-03 23:13:31,5.0,MERCH0863,Debit Card,"East Michaelmouth, OH",DEV06985,192.168.123.145,0,54,Female,Medium,6,452.59,High,Dormant,2023-09-25
TX0000266,CUST056161,2023-11-11 15:03:51,5.0,MERCH0177,Credit Card,"Ramirezfort, PW",DEV01769,172.28.97.184,0,32,Female,Medium,4,266.37,High,Dormant,2023-11-23
TX0000267,CUST141357,2023-09-21 13:30:54,5.0,MERCH0207,Credit Card,"Dianeborough, CO",DEV08033,10.140.246.245,0,45,Male,High,4,860.17,High,Dormant,2023-10-03
TX0000268,CUST034685,2023-11-07 09:06:32,5.0,MERCH0805,Credit Card,"East Daniel, HI",DEV07268,192.168.170.211,0,18,Male,Low,1,92.65,High,Dormant,2023-11-07
TX0000269,CUST189623,2023-03-19 15:18:35,5.0,MERCH0335,Debit Card,"Andersonburgh, HI",DEV01205,10.182.122.242,0,32,Male,Medium,2,263.22,High,Dormant,2023-03-20
TX0000270,CUST149696,2023-08-18 01:00:46,5.0,MERCH0887,PayPal,"East Mackenzie, NM",DEV01324,172.22.60.98,0,39,Male,Low,1,27.21,High,Dormant,2023-08-18
TX0000271,CUST151051,2023-08-11 09:01:02,5.0,MERCH0701,Credit Card,"Seanbury, CO",DEV05278,192.168.1.142,0,29,Female,High,1,758.56,High,Dormant,2023-09-03
TX0000272,CUST123908,2023-08-12 19:04:36,5.0,MERCH0269,Credit Card,"Garciafort, CA",DEV09967,172.17.133.233,0,28,Female,Low,4,91.73,High,Dormant,2023-08-16
TX0000273,CUST063701,2023-06-09 01:52:43,5.0,MERCH0010,PayPal,"South Elizabethborough, LA",DEV02431,172.22.242.54,0,31,Male,Low,2,82.39,High,Dormant,2023-07-02
TX0000274,CUST123988,2023-03-26 21:43:23,5.0,MERCH0952,Debit Card,"New Theresafort, GA",DEV01077,192.168.53.146,0,43,Male,Medium,1,126.33,High,Dormant,2023-03-28
TX0000275,CUST106709,2023-02-24 13:22:31,5.0,MERCH0083,Debit Card,"Sharonbury, CT",DEV02068,10.210.17.177,0,37,Other,Medium,3,377.03,High,Dormant,2023-03-24
TX0000276,CUST049915,2023-06-19 16:13:08,5.0,MERCH0723,Credit Card,"East Gloriaport, WY",DEV04506,172.22.244.139,0,18,Male,Low,1,61.47,High,Dormant,2023-07-16
TX0000277,CUST024727,2023-07-13 06:08:53,5.0,MERCH0489,Credit Card,"Stewartport, WY",DEV09591,172.24.220.221,0,18,Male,Low,2,91.67,High,Dormant,2023-07-19
TX0000278,CUST025410,2023-08-14 03:25:57,204.4,MERCH0761,Debit Card,"South Jacob, UT",DEV08985,172.17.37.61,1,32,Female,Medium,2,148.99,High,Dormant,2023-09-06
TX0000279,CUST172749,2023-12-02 22:36:10,5.0,MERCH0691,Debit Card,"Port Gina, CT",DEV05328,192.168.121.58,0,45,Female,Low,2,58.06,High,Dormant,2023-12-23
TX0000280,CUST112998,2023-11-21 09:35:40,5.0,MERCH0649,Credit Card,"Jacquelinefort, MN",DEV06241,172.27.128.174,0,18,Male,Medium,5,451.79,High,Dormant,2023-12-03
TX0000281,CUST092877,2023-04-17 04:24:37,5.0,MERCH0492,Credit Card,"North Cynthiaberg, WA",DEV09788,10.204.217.12,0,34,Male,Medium,2,264.01,High,Dormant,2023-05-15
TX0000282,CUST111039,2023-11-23 20:41:21,5.0,MERCH0799,Credit Card,"Douglasfort, CA",DEV08693,192.168.81.194,0,33,Male,Medium,3,292.8,High,Dormant,2023-12-15
TX0000283,CUST107768,2023-02-25 05:26:39,5.0,MERCH0091,Credit Card,"South Edward, LA",DEV04832,192.168.202.111,0,56,Female,Medium,1,128.18,High,Dormant,2023-03-26
TX0000284,CUST122428,2023-04-13 20:06:09,5.0,MERCH0215,Credit Card,"East Hunter, UT",DEV07434,172.20.34.58,0,35,Female,Low,1,35.03,High,Dormant,2023-05-10
TX0000285,CUST191123,2023-12-26 20:27:57,5.0,MERCH0691,PayPal,"Lindamouth, WI",DEV08283,172.30.210.184,0,44,Male,Medium,2,229.8,High,Dormant,2024-01-12
TX0000286,CUST014201,2023-06-02 21:42:00,5.0,MERCH0298,Credit Card,"Wallaceshire, NY",DEV09920,192.168.209.163,0,41,Female,Medium,3,478.05,High,Dormant,2023-06-25
TX0000287,CUST176519,2023-02-04 18:25:28,5.0,MERCH0581,Debit Card,"West Sandy, MO",DEV07049,10.224.112.226,0,18,Female,Low,3,35.44,High,Dormant,2023-02-24
TX0000288,CUST171300,2023-05-08 10:35:48,5.0,MERCH0473,Credit Card,"Lisaberg, MS",DEV01625,10.204.130.244,0,49,Male,Medium,3,284.35,High,Dormant,2023-05-14
TX0000289,CUST169393,2023-09-08 02:53:33,5.0,MERCH0527,Debit Card,"East Matthew, MH",DEV01875,147.240.107.78,0,42,Female,High,3,835.65,High,Dormant,2023-09-08
TX0000290,CUST025800,2023-05-24 21:21:04,5.0,MERCH0423,PayPal,"Martinezchester, PA",DEV09034,172.21.150.34,0,46,Female,Medium,6,164.87,High,Dormant,2023-05-28
TX0000291,CUST015890,2023-06-26 03:46:19,5.0,MERCH0748,Credit Card,"East Chelsea, DE",DEV03523,172.23.253.70,0,80,Male,Medium,6,294.58,High,Dormant,2023-07-12
TX0000292,CUST105545,2023-02-20 10:16:58,5.0,MERCH0324,Credit Card,"Lucerotown, NM",DEV07047,10.71.186.5,0,18,Male,Low,2,76.47,High,Dormant,2023-03-19
TX0000293,CUST190897,2023-08-02 08:25:01,5.0,MERCH0704,Credit Card,"Jacobsview, FM",DEV07399,192.168.167.144,0,60,Female,Low,2,88.02,High,Dormant,2023-08-30
TX0000294,CUST088947,2023-02-09 07:16:00,5.0,MERCH0265,Credit Card,"Lake Claire, MO",DEV03744,192.168.187.84,0,36,Female,Low,1,66.36,High,Dormant,2023-02-16
TX0000295,CUST028645,2023-07-11 07:41:24,5.0,MERCH0248,Debit Card,"Port Ryan, NC",DEV06780,172.24.184.85,0,43,Female,Medium,3,367.62,High,Dormant,2023-07-25
TX0000296,CUST065184,2023-04-03 17:36:43,5.0,MERCH0115,PayPal,"East George, IL",DEV05554,192.168.196.237,0,39,Female,Low,2,21.37,High,Dormant,2023-04-22
TX0000297,CUST050225,2023-09-06 01:11:18,6.36,MERCH0186,Credit Card,"Longstad, CA",DEV07431,192.168.53.145,1,34,Female,Low,2,95.12,High,Dormant,2023-09-09
TX0000298,CUST049863,2023-04-27 16:16:09,5.0,MERCH0115,Credit Card,"Taylorshire, PA",DEV06533,10.11.33.153,0,33,Male,High,4,566.29,High,Dormant,2023-04-28
TX0000299,CUST140585,2023-09-17 14:11:15,5.0,MERCH0531,Credit Card,"East Lisa, CT",DEV06816,10.238.60.123,0,43,Female,High,3,887.34,High,Dormant,2023-09-21
TX0000300,CUST117602,2023-11-08 20:16:22,5.0,MERCH0763,Debit Card,"Domingueztown, NE",DEV01558,192.168.206.209,0,21,Male,Medium,1,205.93,High,Dormant,2023-11-08
TX0000301,CUST036748,2023-09-16 05:07:24,5.0,MERCH0180,Credit Card,"Alyssafort, NH",DEV05121,192.168.10.212,0,49,Male,Low,2,94.02,High,Dormant,2023-10-10
TX0000302,CUST110594,2023-12-12 14:58:25,5.0,MERCH0210,Credit Card,"Kimberlyton, NC",DEV06993,192.168.121.54,0,35,Female,Low,1,74.8,High,Dormant,2023-12-16
TX0000303,CUST048101,2023-01-26 14:31:09,89.58,MERCH0485,Debit Card,"Carolport, IN",DEV05121,172.26.135.211,1,26,Female,Low,1,77.84,High,Dormant,2023-01-31
TX0000304,CUST073019,2023-08-17 22:25:20,5.0,MERCH0725,Debit Card,"Kirbyview, TX",DEV04177,192.168.254.209,0,34,Male,Medium,4,187.62,High,Dormant,2023-08-18
TX0000305,CUST121276,2023-06-07 13:14:52,5.0,MERCH0978,Credit Card,"North Caitlinfurt, DE",DEV06133,192.168.218.189,0,55,Female,High,3,721.52,High,Dormant,2023-07-02
TX0000306,CUST065486,2023-09-19 15:07:49,5.0,MERCH0523,Debit Card,"Matthewland, VT",DEV02501,10.229.10.25,0,33,Male,Medium,1,347.13,High,Dormant,2023-10-14
TX0000307,CUST019762,2023-06-18 19:38:34,5.0,MERCH0276,Credit Card,"Lake Stephanie, GA",DEV07771,192.168.124.32,0,44,Male,Low,3,79.3,High,Dormant,2023-06-18
TX0000308,CUST116165,2023-04-10 06:16:13,5.0,MERCH0099,Credit Card,"Samanthachester, MT",DEV01100,10.19.167.54,0,31,Male,Medium,6,141.58,High,Dormant,2023-04-13
TX0000309,CUST144265,2023-08-03 11:59:44,5.0,MERCH0188,Debit Card,"Martinshire, CA",DEV01495,10.252.50.140,0,49,Female,Medium,1,484.95,High,Dormant,2023-08-09
TX0000310,CUST025667,2023-01-05 10:39:25,5.0,MERCH0220,Debit Card,"Sheliabury, ND",DEV01399,10.143.5.107,0,48,Female,Medium,1,456.09,High,Dormant,2023-01-26
TX0000311,CUST013262,2023-09-12 06:14:55,5.0,MERCH0175,Credit Card,"Lake Tiffanyshire, OK",DEV01528,172.19.110.103,0,62,Male,Medium,5,208.14,High,Dormant,2023-10-07
TX0000312,CUST170956,2023-07-22 12:17:32,5.0,MERCH0014,Credit Card,"South Glenn, NE",DEV07076,10.43.33.184,0,37,Female,Medium,3,429.1,High,Dormant,2023-07-22
TX0000313,CUST141712,2023-11-10 11:01:54,5.0,MERCH0529,Credit Card,"Powellside, NE",DEV01583,172.29.76.168,0,48,Male,Low,1,56.65,High,Dormant,2023-11-10
TX0000314,CUST003869,2023-06-02 22:12:12,5.0,MERCH0268,Credit Card,"North Lindaport, GU",DEV06106,10.250.46.115,0,41,Female,Low,1,51.56,High,Dormant,2023-06-09
TX0000315,CUST024449,2023-05-03 06:45:51,5.0,MERCH0976,Credit Card,"Christopherton, AL",DEV02132,192.168.77.167,0,55,Male,High,5,657.22,High,Dormant,2023-05-22
TX0000316,CUST197543,2023-01-17 20:43:56,5.0,MERCH0546,Credit Card,"South Misty, IL",DEV09116,10.160.121.28,0,31,Male,Low,1,62.29,High,Dormant,2023-02-01
TX0000317,CUST061966,2023-08-12 14:56:09,5.0,MERCH0697,Credit Card,"East Christophertown, CA",DEV00983,192.168.112.115,0,48,Female,Low,2,75.69,High,Dormant,2023-09-01
TX0000318,CUST043598,2023-02-07 19:04:00,5.0,MERCH0123,Debit Card,"Parkerberg, AL",DEV09609,10.167.212.217,0,37,Male,Low,4,46.98,High,Dormant,2023-02-19
TX0000319,CUST106540,2023-03-03 12:13:55,5.0,MERCH0878,Debit Card,"Garciafort, NC",DEV09202,192.168.238.49,0,39,Male,Low,1,66.63,High,Dormant,2023-03-25
TX0000320,CUST127308,2023-04-04 17:36:24,5.0,MERCH0492,Debit Card,"Moranside, AR",DEV09203,172.23.32.102,0,41,Female,Medium,1,379.73,High,Dormant,2023-04-27
TX0000321,CUST126186,2023-04-21 13:14:08,5.0,MERCH0881,Credit Card,"Rodriguezstad, MP",DEV05401,192.168.214.30,0,43,Other,High,2,855.56,High,Dormant,2023-05-16
TX0000322,CUST056033,2023-02-25 23:03:11,5.0,MERCH0569,PayPal,"Ramosmouth, OH",DEV02003,192.168.222.84,0,38,Male,Medium,2,120.79,High,Dormant,2023-03-19
TX0000323,CUST105131,2023-12-05 04:42:59,5.0,MERCH0466,Debit Card,"Port Stacyshire, AR",DEV06731,10.229.107.30,0,42,Male,Medium,2,443.9,High,Dormant,2023-12-22
TX0000324,CUST015371,2023-06-24 13:23:10,5.0,MERCH0437,Debit Card,"East Nathan, MA",DEV05794,194.127.251.38,0,58,Male,Medium,4,283.3,High,Dormant,2023-07-23
TX0000325,CUST043159,2023-12-02 06:51:03,5.0,MERCH0178,Debit Card,"Jonestown, GA",DEV06930,192.168.12.125,0,51,Female,Medium,1,204.97,High,Dormant,2023-12-21
TX0000326,CUST099346,2023-03-20 21:52:50,5.0,MERCH0049,PayPal,"South Sandraville, AL",DEV00843,172.21.232.170,0,50,Male,High,3,620.88,High,Dormant,2023-03-29
TX0000327,CUST000566,2023-07-10 10:33:56,5.0,MERCH0947,Credit Card,"Tatechester, CT",DEV04713,192.168.124.146,0,34,Female,High,3,741.51,High,Dormant,2023-07-21
TX0000328,CUST102347,2023-03-17 02:55:05,5.0,MERCH0475,Credit Card,"West Robert, NM",DEV09838,192.168.211.239,0,29,Other,Low,2,89.81,High,Dormant,2023-03-17
TX0000329,CUST069522,2023-10-22 14:22:48,5.0,MERCH0834,Debit Card,"Port Charlesberg, MT",DEV05120,172.18.195.68,0,51,Male,Medium,2,251.34,High,Dormant,2023-10-31
TX0000330,CUST119278,2023-07-20 16:58:41,5.0,MERCH0396,Debit Card,"East Emilystad, NC",DEV05762,99.220.49.229,0,50,Male,Medium,3,399.89,High,Dormant,2023-07-28
TX0000331,CUST074777,2023-07-18 16:23:02,5.0,MERCH0072,Debit Card,"West Davidborough, OH",DEV01698,10.21.72.37,0,57,Male,High,6,548.41,High,Dormant,2023-07-20
TX0000332,CUST110889,2023-10-06 12:55:46,5.0,MERCH0630,Credit Card,"West Jennifer, GU",DEV09469,10.64.195.149,0,32,Male,Medium,2,290.42,High,Dormant,2023-11-02
TX0000333,CUST182608,2023-01-04 13:36:33,5.0,MERCH0050,Credit Card,"East Hannahborough, MI",DEV08314,172.29.13.4,0,37,Female,High,4,995.84,High,Dormant,2023-01-22
TX0000334,CUST191498,2023-06-24 02:58:27,5.0,MERCH0143,Credit Card,"Lake Jill, PW",DEV03486,192.168.156.202,0,20,Male,Medium,2,408.18,High,Dormant,2023-07-19
TX0000335,CUST145692,2023-06-03 01:11:41,5.0,MERCH0555,PayPal,"Martinezstad, LA",DEV02536,10.193.189.55,0,35,Male,Low,2,28.95,High,Dormant,2023-06-11
TX0000336,CUST173506,2023-10-08 04:10:58,5.0,MERCH0296,Credit Card,"Prestonport, PW",DEV07901,192.168.230.43,0,51,Female,Medium,2,300.58,High,Dormant,2023-10-17
TX0000337,CUST188327,2023-04-15 05:07:58,5.0,MERCH0995,Credit Card,"North Chrisshire, LA",DEV03675,192.168.203.62,0,34,Male,High,4,616.81,High,Dormant,2023-05-03
TX0000338,CUST127578,2023-09-26 17:05:36,5.0,MERCH0114,Credit Card,"Port Josephville, HI",DEV01774,172.24.116.69,0,47,Female,High,4,704.78,High,Dormant,2023-10-11
TX0000339,CUST040580,2023-03-13 04:12:16,16.1,MERCH0766,Credit Card,"North Wandamouth, MT",DEV05737,150.37.33.108,1,37,Male,Low,1,80.21,High,Dormant,2023-04-05
TX0000340,CUST049781,2023-01-13 18:57:02,5.0,MERCH0607,Debit Card,"Ruizmouth, NV",DEV09114,10.161.218.225,0,43,Female,Medium,4,408.49,High,Dormant,2023-01-30
TX0000341,CUST077781,2023-05-02 07:26:12,5.0,MERCH0797,Debit Card,"Port Scott, VI",DEV06023,192.168.27.125,0,26,Female,Medium,4,191.24,High,Dormant,2023-05-15
TX0000342,CUST057069,2023-04-06 23:18:15,5.0,MERCH0219,Debit Card,"Tannertown, WV",DEV01883,10.126.165.89,0,41,Female,Low,6,93.0,High,Dormant,2023-05-04
TX0000343,CUST015332,2023-09-01 15:40:12,5.0,MERCH0522,Credit Card,"New Michael, CA",DEV04565,192.168.173.33,0,18,Female,Low,4,63.33,High,Dormant,2023-09-03
TX0000344,CUST151829,2023-11-25 20:41:35,5.0,MERCH0447,Debit Card,"Monicaberg, FM",DEV09407,172.22.196.8,0,37,Male,Low,2,44.19,High,Dormant,2023-11-26
TX0000345,CUST192870,2023-08-06 06:04:42,5.0,MERCH0440,Credit Card,"Elizabethmouth, NM",DEV03706,172.16.32.98,0,20,Male,Medium,2,300.77,High,Dormant,2023-08-06
TX0000346,CUST142134,2023-12-25 18:30:22,5.0,MERCH0870,Debit Card,"Roachton, AR",DEV07031,172.16.250.105,0,54,Female,Medium,1,342.03,High,Dormant,2024-01-11
TX0000347,CUST015980,2023-01-11 20:29:38,5.0,MERCH0989,Credit Card,"Port Glentown, MI",DEV09191,10.6.138.51,0,49,Female,High,5,779.95,High,Dormant,2023-02-03
TX0000348,CUST196078,2023-02-04 01:13:12,5.0,MERCH0298,Credit Card,"Port Lisaberg, WY",DEV09122,10.167.47.168,0,45,Male,Low,1,53.78,High,Dormant,2023-02-12
TX0000349,CUST082210,2023-07-07 01:31:12,5.0,MERCH0622,Debit Card,"East John, FL",DEV00431,10.155.129.115,0,58,Male,Medium,6,301.97,High,Dormant,2023-07-19
TX0000350,CUST014986,2023-08-17 08:16:39,5.0,MERCH0610,PayPal,"Ricemouth, SD",DEV09978,10.160.99.158,0,28,Male,Low,2,25.88,High,Dormant,2023-08-18
TX0000351,CUST013145,2023-04-24 12:34:47,5.0,MERCH0744,Credit Card,"East Christopherville, MA",DEV04382,172.18.104.77,0,60,Male,Low,1,83.15,High,Dormant,2023-04-30
TX0000352,CUST153139,2023-02-07 09:40:31,5.0,MERCH0952,Debit Card,"West Lance, NJ",DEV00475,10.219.79.247,0,51,Male,Low,3,58.76,High,Dormant,2023-02-22
TX0000353,CUST124988,2023-11-15 04:28:21,5.0,MERCH0202,Credit Card,"New Ericmouth, VT",DEV02956,172.21.26.236,0,37,Female,Low,2,21.8,High,Dormant,2023-12-05
TX0000354,CUST131820,2023-12-04 17:03:26,5.0,MERCH0205,Credit Card,"East Suzanne, PR",DEV04478,10.2.117.90,0,53,Male,Medium,5,406.46,High,Dormant,2023-12-22
TX0000355,CUST139232,2023-03-12 21:16:09,5.0,MERCH0666,Credit Card,"Port Jesse, KY",DEV05063,192.168.118.140,0,26,Male,Low,4,93.92,High,Dormant,2023-04-05
TX0000356,CUST041271,2023-06-22 23:58:17,5.0,MERCH0150,Credit Card,"Jamesmouth, KY",DEV05568,172.24.112.71,0,30,Female,Medium,5,478.92,High,Dormant,2023-07-06
TX0000357,CUST014911,2023-11-15 11:35:58,5.0,MERCH0170,Credit Card,"West Nicoleborough, FM",DEV05752,172.31.189.59,0,32,Female,Medium,2,247.61,High,Dormant,2023-12-06
TX0000358,CUST133125,2023-02-12 06:28:10,5.0,MERCH0074,Credit Card,"Larsonfort, VT",DEV00101,172.28.145.79,0,33,Female,High,6,567.76,High,Dormant,2023-02-22
TX0000359,CUST021001,2023-11-15 14:31:50,5.0,MERCH0003,Credit Card,"Hughesburgh, PA",DEV02973,172.20.74.140,0,27,Female,High,6,759.2,High,Dormant,2023-11-15
TX0000360,CUST048713,2023-04-23 01:45:33,5.0,MERCH0447,PayPal,"East Jessicaburgh, CT",DEV02348,172.30.149.87,0,54,Male,Medium,5,145.04,High,Dormant,2023-05-13
TX0000361,CUST017963,2023-12-17 02:12:40,5.0,MERCH0596,Credit Card,"North Sarahtown, NV",DEV09279,172.17.66.15,0,36,Female,Medium,4,473.59,High,Dormant,2023-12-23
TX0000362,CUST155985,2023-02-23 10:51:31,5.0,MERCH0282,Debit Card,"Rossside, KY",DEV06567,10.215.28.231,0,44,Female,Low,2,26.52,High,Dormant,2023-03-14
TX0000363,CUST017816,2023-02-14 19:21:10,31.55,MERCH0224,Credit Card,"North Nicholas, NY",DEV01141,192.168.23.183,1,33,Male,High,2,626.38,High,Dormant,2023-02-21
TX0000364,CUST177003,2023-04-17 11:55:27,5.0,MERCH0710,Debit Card,"Webbville, NY",DEV02325,192.168.249.119,0,18,Female,Low,3,46.6,High,Dormant,2023-04-26
TX0000365,CUST061658,2023-09-15 15:36:58,5.0,MERCH0704,Credit Card,"New Chad, FL",DEV00503,192.168.205.191,0,43,Female,Low,1,44.48,High,Dormant,2023-09-19
TX0000366,CUST105848,2023-12-19 04:02:58,5.0,MERCH0451,Credit Card,"Stevenborough, NY",DEV01504,10.120.59.93,0,18,Male,Low,1,81.52,High,Dormant,2023-12-27
TX0000367,CUST031428,2023-06-06 14:33:34,5.0,MERCH0688,Credit Card,"Danielberg, PA",DEV08692,192.168.23.134,0,39,Male,Medium,2,282.53,High,Dormant,2023-06-30
TX0000368,CUST149337,2023-01-25 23:11:17,5.0,MERCH0930,Credit Card,"Pearsonmouth, AL",DEV03525,10.71.86.140,0,23,Male,Low,3,25.37,High,Dormant,2023-02-18
TX0000369,CUST064544,2023-11-16 07:59:45,5.0,MERCH0794,Credit Card,"Port Stacey, NJ",DEV06164,10.51.59.127,0,63,Male,Medium,4,206.88,High,Dormant,2023-11-16
TX0000370,CUST151761,2023-03-21 07:14:26,5.0,MERCH0626,Debit Card,"Waltersborough, RI",DEV06879,10.194.121.229,0,50,Male,Low,1,55.82,High,Dormant,2023-03-22
TX0000371,CUST155850,2023-11-20 06:02:28,5.0,MERCH0668,Debit Card,"South Emmafort, HI",DEV07433,10.32.182.238,0,41,Female,Medium,7,158.98,High,Dormant,2023-12-08
TX0000372,CUST010419,2023-02-21 23:59:57,5.0,MERCH0940,Debit Card,"Port Angelaside, WV",DEV05586,10.56.134.94,0,55,Male,Low,1,65.05,High,Dormant,2023-03-06
TX0000373,CUST162368,2023-08-14 14:24:29,5.0,MERCH0423,Debit Card,"Thomasport, UT",DEV02579,192.168.181.2,0,29,Female,Low,2,60.92,High,Dormant,2023-09-02
TX0000374,CUST021492,2023-02-17 11:19:35,5.0,MERCH0540,Credit Card,"East Tonymouth, WV",DEV06063,172.16.111.175,0,46,Female,High,4,857.35,High,Dormant,2023-02-26
TX0000375,CUST109898,2023-07-16 21:53:52,5.0,MERCH0651,Credit Card,"Lake Jennifershire, NH",DEV05106,172.18.40.203,0,42,Female,Low,3,94.39,High,Dormant,2023-07-24
TX0000376,CUST172327,2023-04-24 07:10:12,5.0,MERCH0916,Credit Card,"Mcgeefurt, WY",DEV05315,192.168.106.93,0,43,Female,High,5,956.13,High,Dormant,2023-05-03
TX0000377,CUST153007,2023-02-21 17:29:17,5.0,MERCH0837,Credit Card,"South Jeffreychester, NC",DEV09300,192.168.163.3,0,55,Male,Medium,1,478.43,High,Dormant,2023-03-21
TX0000378,CUST148171,2023-06-06 10:44:24,116.33,MERCH0069,Credit Card,"Kendrafurt, KS",DEV09769,10.54.78.227,1,48,Male,Low,1,32.02,High,Dormant,2023-06-11
TX0000379,CUST137045,2023-11-06 08:07:10,5.0,MERCH0162,Credit Card,"Harrischester, AZ",DEV01392,220.249.3.24,0,43,Female,High,5,565.78,High,Dormant,2023-11-22
TX0000380,CUST082935,2023-06-24 08:16:11,5.0,MERCH0300,Credit Card,"West Brittany, DE",DEV00862,192.168.82.162,0,20,Female,Low,4,37.2,High,Dormant,2023-07-21
TX0000381,CUST068359,2023-12-15 15:53:21,5.0,MERCH0750,Credit Card,"Lake Jack, WV",DEV02550,172.19.4.48,0,28,Female,High,6,947.54,High,Dormant,2024-01-08
TX0000382,CUST053546,2023-03-01 09:39:31,5.0,MERCH0562,Debit Card,"Clarkland, CO",DEV02580,172.20.10.158,0,38,Male,Low,1,97.48,High,Dormant,2023-03-06
TX0000383,CUST175565,2023-12-01 01:32:32,5.0,MERCH0281,Debit Card,"West Edward, KY",DEV00816,172.20.234.110,0,41,Female,High,5,929.66,High,Dormant,2023-12-04
TX0000384,CUST187746,2023-11-01 12:51:25,5.0,MERCH0121,Credit Card,"New Jenniferside, SC",DEV01337,172.24.111.19,0,26,Male,Low,2,19.9,High,Dormant,2023-11-30
TX0000385,CUST082362,2023-05-02 05:38:25,5.0,MERCH0689,PayPal,"Ruthborough, CT",DEV04459,192.168.11.179,0,68,Female,Low,1,95.27,High,Dormant,2023-05-21
TX0000386,CUST062571,2023-09-18 14:33:41,5.0,MERCH0699,PayPal,"Stephenton, AK",DEV07260,192.168.249.51,0,58,Other,Medium,6,269.34,High,Dormant,2023-09-20
TX0000387,CUST069630,2023-03-17 07:10:02,5.0,MERCH0948,Credit Card,"Emilyside, NC",DEV06948,172.19.216.15,0,47,Male,High,2,504.66,High,Dormant,2023-04-08
TX0000388,CUST103753,2023-11-09 05:08:38,5.0,MERCH0501,Credit Card,"Patriciaborough, NV",DEV07958,10.65.231.36,0,40,Female,High,9,721.2,High,Dormant,2023-11-27
TX0000389,CUST034309,2023-08-09 17:11:07,5.0,MERCH0496,Credit Card,"Williamhaven, GU",DEV09947,172.26.155.5,0,37,Male,High,2,523.03,High,Dormant,2023-08-26
TX0000390,CUST176080,2023-12-20 14:58:06,5.0,MERCH0078,PayPal,"Williamsstad, NH",DEV07243,10.234.159.48,0,28,Male,High,2,771.94,High,Dormant,2024-01-14
TX0000391,CUST169215,2023-09-16 03:05:57,5.0,MERCH0041,Debit Card,"Aliciaview, MO",DEV06786,172.26.68.219,0,40,Female,Low,1,40.47,High,Dormant,2023-10-09
TX0000392,CUST078643,2023-10-03 08:59:41,5.0,MERCH0429,Credit Card,"Bullockfurt, LA",DEV04476,172.18.245.46,0,43,Female,Low,4,52.61,High,Dormant,2023-10-06
TX0000393,CUST119859,2023-06-18 21:11:22,5.0,MERCH0317,Credit Card,"Smithfort, DC",DEV03532,10.68.253.235,0,25,Female,Low,4,65.19,High,Dormant,2023-06-25
TX0000394,CUST082884,2023-08-25 12:50:57,5.0,MERCH0248,Credit Card,"Port Shannon, VA",DEV08395,213.63.193.208,0,44,Female,Medium,3,447.52,High,Dormant,2023-09-10
TX0000395,CUST197097,2023-05-14 03:44:07,5.0,MERCH0090,Credit Card,"Kimberg, AL",DEV01865,10.43.67.237,0,38,Female,Medium,1,364.76,High,Dormant,2023-05-18
TX0000396,CUST019017,2023-11-21 22:31:50,5.0,MERCH0965,Credit Card,"Joshuafort, MN",DEV05656,172.25.110.82,0,18,Female,Low,1,49.06,High,Dormant,2023-12-03
TX0000397,CUST002442,2023-02-06 17:18:21,5.0,MERCH0848,Debit Card,"Port Kelseyport, UT",DEV07044,172.19.91.216,0,29,Female,Low,4,83.75,High,Dormant,2023-03-02
TX0000398,CUST120137,2023-05-24 08:58:02,5.0,MERCH0570,Debit Card,"North Anna, AK",DEV01817,10.6.87.92,0,35,Male,Medium,1,462.23,High,Dormant,2023-05-24
TX0000399,CUST162834,2023-01-19 02:28:53,119.36,MERCH0955,Debit Card,"South Brandonstad, OK",DEV04641,192.168.121.192,1,62,Other,Low,8,20.78,High,Dormant,2023-02-14
TX0000400,CUST147586,2023-01-01 06:11:48,5.0,MERCH1000,Debit Card,"West Patricia, OR",DEV09718,172.26.180.225,0,46,Male,Medium,2,312.77,High,Dormant,2023-01-13
TX0000401,CUST026210,2023-11-26 23:19:36,5.0,MERCH0678,Debit Card,"West Daniel, TN",DEV07973,10.199.93.239,0,23,Female,Low,3,35.61,High,Dormant,2023-11-29
TX0000402,CUST019205,2023-05-12 19:59:23,5.0,MERCH0265,Credit Card,"North Lauren, AK",DEV08634,172.27.104.157,0,45,Male,Medium,3,118.82,High,Dormant,2023-06-02
TX0000403,CUST140938,2023-07-19 08:35:57,5.0,MERCH0041,Debit Card,"Port Derektown, NC",DEV05054,10.41.181.186,0,21,Male,Medium,4,367.42,High,Dormant,2023-08-13
TX0000404,CUST055878,2023-09-04 01:14:33,5.0,MERCH0759,Credit Card,"South Briana, PW",DEV00745,192.168.125.196,0,52,Male,Medium,2,445.11,High,Dormant,2023-09-27
TX0000405,CUST132615,2023-10-07 09:50:50,5.0,MERCH0466,Debit Card,"Pruittside, WI",DEV03613,10.249.156.202,0,34,Female,Low,1,24.66,High,Dormant,2023-10-20
TX0000406,CUST069521,2023-04-12 02:44:17,5.0,MERCH0654,Credit Card,"Howardburgh, IA",DEV06476,172.30.139.129,0,38,Male,Medium,2,424.97,High,Dormant,2023-04-14
TX0000407,CUST034723,2023-08-15 00:34:25,5.0,MERCH0922,Debit Card,"Lauraborough, MT",DEV09820,192.168.144.227,0,55,Male,Low,1,86.81,High,Dormant,2023-08-19
TX0000408,CUST091491,2023-09-16 22:41:43,5.0,MERCH0176,Credit Card,"Clarkchester, HI",DEV00898,192.168.138.174,0,24,Female,Low,1,92.29,High,Dormant,2023-09-22
TX0000409,CUST018034,2023-05-02 22:36:04,5.0,MERCH0586,Credit Card,"Gonzaleshaven, LA",DEV00126,10.118.63.196,0,23,Female,Low,1,33.88,High,Dormant,2023-05-02
TX0000410,CUST064038,2023-01-09 21:59:46,5.0,MERCH0636,Credit Card,"Amandaside, NH",DEV03350,192.168.214.210,0,32,Male,Low,5,91.36,High,Dormant,2023-01-31
TX0000411,CUST096870,2023-08-07 19:01:38,5.0,MERCH0494,Credit Card,"East Lindseyburgh, ND",DEV04939,10.206.100.152,0,52,Male,Low,4,38.86,High,Dormant,2023-09-04
TX0000412,CUST074708,2023-02-27 01:34:36,5.0,MERCH0090,Debit Card,"Jessicaview, HI",DEV03461,10.221.32.37,0,21,Male,Medium,4,320.94,High,Dormant,2023-03-10
TX0000413,CUST041353,2023-01-01 07:11:55,5.0,MERCH0341,Debit Card,"Lewisshire, KY",DEV02249,172.22.122.134,0,18,Male,Medium,2,120.2,High,Dormant,2023-01-11
TX0000414,CUST114868,2023-05-23 14:30:10,5.0,MERCH0325,Credit Card,"Michaelburgh, AL",DEV04187,10.91.120.228,0,34,Female,Medium,2,117.55,High,Dormant,2023-06-15
TX0000415,CUST142402,2023-11-22 13:15:09,5.0,MERCH0676,Credit Card,"Rachelbury, SD",DEV04743,192.168.232.89,0,46,Female,Low,4,74.83,High,Dormant,2023-11-29
TX0000416,CUST184429,2023-06-12 08:00:04,5.0,MERCH0869,Credit Card,"Maxwellborough, KS",DEV05376,10.140.236.177,0,54,Female,Low,1,50.0,High,Dormant,2023-07-06
TX0000417,CUST079304,2023-04-11 11:00:56,5.0,MERCH0323,Credit Card,"Port Cindystad, CO",DEV01966,192.168.187.63,0,34,Male,Medium,1,202.52,High,Dormant,2023-04-16
TX0000418,CUST160348,2023-03-20 10:36:46,5.0,MERCH0693,Credit Card,"Lake Stacey, WV",DEV00127,172.31.181.105,0,35,Female,High,7,595.21,High,Dormant,2023-04-16
TX0000419,CUST171436,2023-09-05 16:48:55,5.0,MERCH0281,Debit Card,"Donaldmouth, GA",DEV08150,172.30.29.145,0,53,Female,Low,1,70.3,High,Dormant,2023-09-26
TX0000420,CUST138659,2023-10-15 14:05:43,5.0,MERCH0950,Credit Card,"Port Evanchester, WY",DEV07056,85.160.252.213,0,18,Female,Medium,2,100.16,High,Dormant,2023-10-16
TX0000421,CUST002051,2023-07-20 17:13:01,5.0,MERCH0827,Credit Card,"Calderonburgh, IL",DEV02879,10.194.181.89,0,35,Female,Low,2,82.53,High,Dormant,2023-08-07
TX0000422,CUST175077,2023-02-05 19:25:28,5.0,MERCH0544,Credit Card,"New Shane, NV",DEV02117,10.229.40.28,0,42,Female,High,1,539.62,High,Dormant,2023-02-24
TX0000423,CUST145386,2023-08-03 05:36:52,5.0,MERCH0452,Credit Card,"South Cheryl, DE",DEV06230,192.168.163.152,0,45,Female,Medium,3,176.6,High,Dormant,2023-08-22
TX0000424,CUST078481,2023-02-01 16:50:13,5.0,MERCH0308,Credit Card,"Michaelburgh, MS",DEV08726,192.168.135.179,0,33,Male,Medium,4,254.49,High,Dormant,2023-02-24
TX0000425,CUST173904,2023-09-20 20:49:23,5.0,MERCH0318,Debit Card,"Atkinsonview, NM",DEV03771,192.168.216.160,0,40,Female,Medium,2,293.94,High,Dormant,2023-10-03
TX0000426,CUST027155,2023-09-02 17:28:56,5.0,MERCH0972,Credit Card,"Charlesland, WA",DEV08197,10.170.80.181,0,18,Female,Low,3,41.95,High,Dormant,2023-09-02
TX0000427,CUST035204,2023-08-24 14:42:49,5.0,MERCH0399,Credit Card,"West Anthony, TX",DEV09155,192.168.104.83,0,32,Female,Low,1,38.86,High,Dormant,2023-09-02
TX0000428,CUST069329,2023-05-06 19:22:44,5.0,MERCH0513,Credit Card,"Lake Daniel, FM",DEV05803,192.168.62.148,0,45,Male,Low,1,96.75,High,Dormant,2023-05-21
TX0000429,CUST030259,2023-02-18 09:59:54,5.0,MERCH0988,Credit Card,"Deannatown, PW",DEV01181,192.168.15.196,0,28,Female,High,4,820.79,High,Dormant,2023-03-19
TX0000430,CUST028059,2023-02-21 00:54:07,5.0,MERCH0663,Credit Card,"Allenberg, AZ",DEV06506,192.168.248.123,0,40,Female,High,5,511.72,High,Dormant,2023-02-24
TX0000431,CUST194621,2023-02-06 04:46:21,5.0,MERCH0538,PayPal,"Brookston, DE",DEV00694,172.26.160.193,0,45,Male,High,3,715.09,High,Dormant,2023-03-04
TX0000432,CUST145025,2023-04-01 22:54:25,5.0,MERCH0408,Debit Card,"Shawnfurt, PR",DEV07148,192.168.128.172,0,35,Male,Medium,3,450.0,High,Dormant,2023-04-28
TX0000433,CUST040750,2023-05-18 17:16:25,5.0,MERCH0181,Credit Card,"Owensburgh, GA",DEV00308,172.29.50.173,0,42,Female,High,4,650.73,High,Dormant,2023-06-15
TX0000434,CUST071395,2023-11-08 16:11:26,5.0,MERCH0355,Credit Card,"South Wendytown, OH",DEV07533,172.22.68.26,0,28,Female,Low,2,18.51,High,Dormant,2023-11-18
TX0000435,CUST073861,2023-12-14 03:32:00,5.0,MERCH0759,Credit Card,"West April, WA",DEV01276,172.24.97.247,0,37,Female,Medium,4,403.35,High,Dormant,2023-12-29
TX0000436,CUST158553,2023-03-16 13:52:47,5.0,MERCH0627,Credit Card,"Julieside, NH",DEV05130,172.18.217.255,0,47,Male,Medium,1,342.41,High,Dormant,2023-04-11
TX0000437,CUST055216,2023-08-26 01:49:05,5.0,MERCH0762,Debit Card,"North Aaron, NV",DEV09434,172.17.27.24,0,41,Female,Medium,5,328.13,High,Dormant,2023-09-14
TX0000438,CUST188118,2023-04-01 08:24:47,5.0,MERCH0198,Debit Card,"Jimenezfurt, FM",DEV07034,10.144.177.43,0,32,Male,Medium,1,121.43,High,Dormant,2023-04-01
TX0000439,CUST089885,2023-10-21 12:30:40,5.0,MERCH0543,Credit Card,"Port Michaelport, AZ",DEV09395,10.66.35.15,0,42,Male,Low,1,22.64,High,Dormant,2023-11-05
TX0000440,CUST053372,2023-02-02 05:45:03,5.0,MERCH0933,Credit Card,"Popehaven, NY",DEV06627,172.22.7.104,0,48,Male,Medium,3,349.02,High,Dormant,2023-02-20
TX0000441,CUST180224,2023-09-06 01:17:12,5.0,MERCH0435,Credit Card,"East Cristina, ND",DEV06844,192.168.25.184,0,18,Male,Medium,2,183.13,High,Dormant,2023-09-26
TX0000442,CUST166262,2023-10-19 12:10:00,5.0,MERCH0698,Debit Card,"Millerborough, DE",DEV04744,172.22.70.48,0,53,Male,Medium,3,301.63,High,Dormant,2023-11-09
TX0000443,CUST069202,2023-02-22 06:24:20,5.0,MERCH0116,Debit Card,"New Curtisview, NV",DEV01888,208.136.92.193,0,35,Male,Low,4,59.04,High,Dormant,2023-03-02
TX0000444,CUST132490,2023-04-12 06:14:20,5.0,MERCH0975,Credit Card,"Jonesport, MO",DEV06637,10.150.5.248,0,45,Male,Low,1,35.52,High,Dormant,2023-04-20
TX0000445,CUST128066,2023-05-25 00:48:31,5.0,MERCH0608,Credit Card,"Kaitlinhaven, UT",DEV00342,172.29.89.234,0,54,Male,Low,2,95.36,High,Dormant,2023-06-02
TX0000446,CUST065830,2023-05-12 05:25:10,5.0,MERCH0233,Debit Card,"Cassandraton, MA",DEV05322,60.212.126.242,0,23,Female,Low,2,85.82,High,Dormant,2023-06-07
TX0000447,CUST013317,2023-08-14 13:09:01,5.0,MERCH0152,Credit Card,"Lewisburgh, HI",DEV02816,172.21.72.242,0,31,Female,Medium,5,388.95,High,Dormant,2023-08-30
TX0000448,CUST024196,2023-06-03 20:25:07,5.0,MERCH0544,Credit Card,"Rebeccamouth, AK",DEV07539,192.168.42.89,0,36,Male,Medium,5,131.2,High,Dormant,2023-06-14
TX0000449,CUST166274,2023-07-06 20:28:25,5.0,MERCH0545,Credit Card,"Lake Danielle, VI",DEV05929,172.16.156.120,0,30,Female,Medium,2,142.45,High,Dormant,2023-07-30
TX0000450,CUST111038,2023-02-05 01:47:36,5.0,MERCH0091,Debit Card,"New Garyside, NH",DEV01444,172.16.194.149,0,60,Male,Low,1,54.35,High,Dormant,2023-02-17
TX0000451,CUST072531,2023-04-04 14:42:47,5.0,MERCH0994,Credit Card,"Leechester, GU",DEV07156,172.17.93.15,0,29,Female,High,2,580.36,High,Dormant,2023-04-11
TX0000452,CUST011558,2023-07-14 17:43:58,5.0,MERCH0919,Credit Card,"West Juliaton, WV",DEV01735,172.21.168.213,0,33,Male,Low,2,98.04,High,Dormant,2023-07-29
TX0000453,CUST000930,2023-07-21 22:42:54,5.0,MERCH0458,Debit Card,"West Zachary, NV",DEV03987,192.168.218.171,0,42,Male,Medium,5,163.41,High,Dormant,2023-08-07
TX0000454,CUST087440,2023-11-21 14:24:35,5.0,MERCH0113,Credit Card,"Port Taraland, VT",DEV07139,172.20.13.243,0,25,Female,High,2,743.73,High,Dormant,2023-12-19
TX0000455,CUST034294,2023-12-15 03:20:12,5.0,MERCH0843,Credit Card,"Hillborough, SC",DEV09649,10.57.67.76,0,35,Female,Low,2,42.77,High,Dormant,2024-01-10
TX0000456,CUST167016,2023-05-02 13:03:47,5.0,MERCH0500,Credit Card,"Cassandraton, IA",DEV06561,192.168.141.120,0,43,Female,Low,1,67.54,High,Dormant,2023-05-02
TX0000457,CUST068671,2023-07-14 14:27:34,5.0,MERCH0719,Credit Card,"East Lawrence, NJ",DEV08585,192.168.61.178,0,36,Female,High,6,564.52,High,Dormant,2023-07-14
TX0000458,CUST042358,2023-08-10 03:29:17,405.63,MERCH0509,Debit Card,"West Harold, AK",DEV01289,192.168.22.134,1,38,Female,Medium,3,272.13,High,Dormant,2023-08-21
TX0000459,CUST194310,2023-05-13 03:25:24,5.0,MERCH0268,Credit Card,"Port Robertchester, OR",DEV06485,192.168.94.107,0,33,Male,Medium,3,209.88,High,Dormant,2023-05-18
TX0000460,CUST115825,2023-07-07 11:09:38,5.0,MERCH0845,Credit Card,"West Hayleystad, DC",DEV05084,192.168.113.5,0,21,Male,Low,2,89.9,High,Dormant,2023-07-15
TX0000461,CUST144620,2023-07-07 23:48:41,5.0,MERCH0980,Credit Card,"New Jacobbury, GU",DEV05563,10.210.58.184,0,43,Male,Medium,6,116.23,High,Dormant,2023-07-29
TX0000462,CUST184987,2023-03-24 03:19:03,5.0,MERCH0239,Debit Card,"Robintown, VT",DEV03631,172.24.241.149,0,61,Male,Low,3,92.24,High,Dormant,2023-03-28
TX0000463,CUST112116,2023-02-22 00:43:55,48.26,MERCH0544,Debit Card,"Williamburgh, NV",DEV05457,172.21.175.27,1,40,Female,Low,4,84.97,High,Dormant,2023-03-20
TX0000464,CUST147039,2023-07-15 12:54:21,86.46,MERCH0379,Credit Card,"East Timothy, MT",DEV02755,172.24.215.139,1,42,Female,Medium,2,219.03,High,Dormant,2023-07-30
TX0000465,CUST002535,2023-11-22 08:25:08,5.0,MERCH0927,Credit Card,"Smithshire, VI",DEV01252,207.66.206.255,0,48,Male,Low,4,81.04,High,Dormant,2023-12-09
TX0000466,CUST029328,2023-08-24 09:07:23,5.0,MERCH0509,Debit Card,"Tinaland, ID",DEV08364,172.26.129.29,0,24,Female,Low,1,12.81,High,Dormant,2023-09-09
TX0000467,CUST019725,2023-05-26 04:03:49,5.0,MERCH0887,Credit Card,"Allenhaven, OR",DEV01869,10.207.50.131,0,60,Female,Low,2,97.02,High,Dormant,2023-06-12
TX0000468,CUST181147,2023-09-04 06:09:24,5.0,MERCH0873,Debit Card,"Jessicafurt, VT",DEV08694,172.19.159.213,0,42,Male,Low,3,57.39,High,Dormant,2023-09-04
TX0000469,CUST039074,2023-02-04 09:32:54,5.0,MERCH0269,Debit Card,"East Brittneymouth, PA",DEV08356,10.23.144.11,0,59,Male,Low,1,37.3,High,Dormant,2023-02-22
TX0000470,CUST143024,2023-08-15 16:34:43,5.0,MERCH0797,Debit Card,"Patrickmouth, PA",DEV03177,192.168.107.76,0,31,Male,Low,3,42.63,High,Dormant,2023-09-05
TX0000471,CUST009445,2023-11-23 20:16:21,5.0,MERCH0411,Credit Card,"Lake Ryan, SD",DEV05725,10.62.46.35,0,61,Male,Medium,3,126.56,High,Dormant,2023-12-21
TX0000472,CUST096788,2023-01-15 02:27:06,5.0,MERCH0940,Credit Card,"East Tammy, MS",DEV05753,10.145.17.204,0,49,Male,Low,1,99.04,High,Dormant,2023-01-22
TX0000473,CUST152702,2023-07-10 08:13:12,28.32,MERCH0509,Debit Card,"South Kevinton, AS",DEV02420,172.26.48.33,1,46,Female,Medium,2,115.72,High,Dormant,2023-07-12
TX0000474,CUST144842,2023-08-25 01:34:06,5.0,MERCH0833,Credit Card,"South Brianaport, AK",DEV03872,192.168.31.249,0,42,Male,Low,1,68.94,High,Dormant,2023-09-19
TX0000475,CUST038822,2023-09-03 09:53:38,5.0,MERCH0276,Credit Card,"New Megan, MS",DEV01685,172.17.224.149,0,37,Male,Medium,5,277.09,High,Dormant,2023-09-27
TX0000476,CUST112667,2023-09-11 06:23:59,5.0,MERCH0291,Debit Card,"Jenniferville, FM",DEV02400,221.176.231.54,0,54,Other,High,5,974.46,High,Dormant,2023-10-06
TX0000477,CUST033410,2023-11-04 05:41:31,5.0,MERCH0587,Debit Card,"New Dawn, TX",DEV04194,192.168.24.12,0,41,Female,Low,1,32.14,High,Dormant,2023-11-08
TX0000478,CUST010966,2023-04-14 03:39:36,5.0,MERCH0999,Credit Card,"Lake Billy, ID",DEV03233,10.44.118.136,0,18,Female,Medium,5,312.83,High,Dormant,2023-05-06
TX0000479,CUST080809,2023-11-03 08:07:32,71.74,MERCH0491,Credit Card,"Port Nicholas, VA",DEV02843,10.142.99.12,1,26,Male,Low,1,53.41,High,Dormant,2023-11-10
TX0000480,CUST095592,2023-03-09 06:03:12,5.0,MERCH0143,Credit Card,"Haydenmouth, VA",DEV09870,172.21.252.138,0,37,Male,Medium,4,381.15,High,Dormant,2023-03-27
TX0000481,CUST010459,2023-07-02 04:43:26,5.0,MERCH0534,Debit Card,"Christopherville, LA",DEV02505,172.20.234.137,0,43,Female,Medium,2,127.2,High,Dormant,2023-07-19
TX0000482,CUST093798,2023-08-08 05:07:49,5.0,MERCH0339,PayPal,"South Mikaylachester, KY",DEV01235,10.4.64.237,0,39,Male,High,4,596.89,High,Dormant,2023-08-25
TX0000483,CUST055071,2023-09-12 02:21:05,5.0,MERCH0545,Credit Card,"Shaneview, VA",DEV02903,214.134.179.178,0,54,Male,Medium,3,185.83,High,Dormant,2023-10-02
TX0000484,CUST178800,2023-01-12 01:37:16,5.0,MERCH0538,Credit Card,"North Davidton, HI",DEV08096,172.17.227.82,0,18,Female,Low,2,76.43,High,Dormant,2023-01-12
TX0000485,CUST065413,2023-12-23 19:07:21,5.0,MERCH0452,Debit Card,"West Heather, MI",DEV07602,10.208.109.78,0,41,Female,Low,5,27.02,High,Dormant,2024-01-06
TX0000486,CUST174833,2023-07-04 04:12:28,5.0,MERCH0317,Credit Card,"Port Donald, AL",DEV09237,172.19.121.105,0,18,Male,Low,3,61.61,High,Dormant,2023-07-21
TX0000487,CUST026947,2023-09-25 22:15:41,5.0,MERCH0182,Credit Card,"Elizabethland, NE",DEV09495,172.23.3.247,0,49,Female,High,4,607.62,High,Dormant,2023-10-23
TX0000488,CUST092715,2023-02-25 22:15:11,5.0,MERCH0697,PayPal,"North Andrewmouth, CA",DEV07355,192.168.165.119,0,38,Male,Medium,2,444.65,High,Dormant,2023-03-21
TX0000489,CUST146771,2023-05-12 07:19:02,5.0,MERCH0566,Credit Card,"Gardnerport, MD",DEV09249,172.24.254.207,0,45,Male,Medium,1,476.87,High,Dormant,2023-05-18
TX0000490,CUST106530,2023-12-13 22:27:50,5.0,MERCH0227,Debit Card,"North Heidifort, AS",DEV05296,172.30.214.252,0,29,Male,Medium,5,307.4,High,Dormant,2023-12-28
TX0000491,CUST162703,2023-02-05 19:39:55,5.0,MERCH0778,Credit Card,"North Stacyside, PA",DEV05180,192.168.173.35,0,55,Male,Medium,2,240.92,High,Dormant,2023-02-20
TX0000492,CUST196472,2023-07-25 20:19:05,5.0,MERCH0043,Credit Card,"Brianville, DE",DEV02474,192.168.245.98,0,52,Male,High,1,617.03,High,Dormant,2023-08-08
TX0000493,CUST040516,2023-04-08 06:31:32,5.0,MERCH0748,Debit Card,"Riddleport, NM",DEV07206,10.73.209.196,0,47,Female,Medium,2,119.91,High,Dormant,2023-04-13
TX0000494,CUST062060,2023-08-12 05:51:33,5.0,MERCH0708,Credit Card,"Port Elizabeth, VA",DEV01119,172.21.201.61,0,38,Female,Medium,5,207.4,High,Dormant,2023-08-20
TX0000495,CUST042599,2023-01-04 00:22:49,5.0,MERCH0824,Bank Transfer,"Cantuton, MO",DEV07683,192.168.152.159,0,46,Female,High,5,827.12,High,Dormant,2023-01-10
TX0000496,CUST046414,2023-05-09 20:01:26,5.0,MERCH0381,Credit Card,"South Dorothy, MT",DEV07246,172.16.120.38,0,31,Male,Low,3,58.03,High,Dormant,2023-05-22
TX0000497,CUST108081,2023-03-01 10:02:51,5.0,MERCH0669,Credit Card,"New Dawnburgh, AL",DEV04962,172.25.144.13,0,50,Male,Low,3,94.96,High,Dormant,2023-03-11
TX0000498,CUST006498,2023-04-26 03:17:54,5.0,MERCH0834,Credit Card,"Patricialand, FL",DEV04501,192.168.19.115,0,59,Male,Medium,2,258.51,High,Dormant,2023-05-16
TX0000499,CUST047019,2023-02-22 10:14:21,5.0,MERCH0981,Credit Card,"Irwinville, CA",DEV09690,172.26.233.16,0,52,Male,Low,3,72.45,High,Dormant,2023-03-09
